2026-02-10 10:01:45 | INFO     | api.main:lifespan:14 | Shutting down Intelligent Matching Engine API...
2026-02-10 10:02:08 | INFO     | api.main:lifespan:12 | Starting Intelligent Matching Engine API...
2026-02-10 10:07:38 | INFO     | api.core.milvus_client:connect:40 | Connected to Milvus at 192.168.15.111:19530
2026-02-10 10:07:41 | ERROR    | __main__:import_from_csv:120 | 导入失败 a5765c48-961a-11ec-b060-6c92bfa7379e_ca13e626-2014-4482-8d85-b6192e7b7bb2: <MilvusException: (code=1100, message=length of varchar field id exceeds max length, row number: 0, length: 73, max length: 64: invalid parameter)>
2026-02-10 10:07:41 | ERROR    | __main__:import_from_csv:120 | 导入失败 a4cfba6d-961a-11ec-b060-6c92bfa7379e_51b59e4b-3905-4849-be5b-691e6b72e766: <MilvusException: (code=1100, message=length of varchar field id exceeds max length, row number: 0, length: 73, max length: 64: invalid parameter)>
2026-02-10 10:07:42 | ERROR    | __main__:import_from_csv:120 | 导入失败 a4cfba6d-961a-11ec-b060-6c92bfa7379e_9defff8f-94a2-4347-8244-584e75000e55: <MilvusException: (code=1100, message=length of varchar field id exceeds max length, row number: 0, length: 73, max length: 64: invalid parameter)>
2026-02-10 10:07:42 | ERROR    | __main__:import_from_csv:120 | 导入失败 a4bc84e0-961a-11ec-b060-6c92bfa7379e_fbb6e258-8987-4125-a63a-8ec61fc34939: <MilvusException: (code=1100, message=length of varchar field id exceeds max length, row number: 0, length: 73, max length: 64: invalid parameter)>
2026-02-10 10:07:43 | ERROR    | __main__:import_from_csv:120 | 导入失败 a693262f-95d4-11ec-b060-6c92bfa7379e_bd61e68c-e52c-410c-a0f3-8ef3b9f4bfd7: <MilvusException: (code=1100, message=length of varchar field id exceeds max length, row number: 0, length: 73, max length: 64: invalid parameter)>
2026-02-10 10:07:43 | ERROR    | __main__:import_from_csv:120 | 导入失败 a662cbae-95d4-11ec-b060-6c92bfa7379e_04e7a07f-550a-4453-9ec6-32b1ab46c7e6: <MilvusException: (code=1100, message=length of varchar field id exceeds max length, row number: 0, length: 73, max length: 64: invalid parameter)>
2026-02-10 10:07:44 | ERROR    | __main__:import_from_csv:120 | 导入失败 a662cbae-95d4-11ec-b060-6c92bfa7379e_65b3c30e-84b6-4f3a-9742-7879ceab3c71: <MilvusException: (code=1100, message=length of varchar field id exceeds max length, row number: 0, length: 73, max length: 64: invalid parameter)>
2026-02-10 10:07:44 | ERROR    | __main__:import_from_csv:120 | 导入失败 a662cbae-95d4-11ec-b060-6c92bfa7379e_65cef502-afdd-4bfa-bb3e-37ab388487bc: <MilvusException: (code=1100, message=length of varchar field id exceeds max length, row number: 0, length: 73, max length: 64: invalid parameter)>
2026-02-10 10:07:44 | ERROR    | __main__:import_from_csv:120 | 导入失败 a662cbae-95d4-11ec-b060-6c92bfa7379e_cc5d7a88-9365-497a-a7ec-c9a375a28b59: <MilvusException: (code=1100, message=length of varchar field id exceeds max length, row number: 0, length: 73, max length: 64: invalid parameter)>
2026-02-10 10:07:44 | ERROR    | __main__:import_from_csv:120 | 导入失败 a61f29ef-961a-11ec-b060-6c92bfa7379e_40ffdb0b-ff43-4736-9f5f-78ed778002d1: <MilvusException: (code=1100, message=length of varchar field id exceeds max length, row number: 0, length: 73, max length: 64: invalid parameter)>
2026-02-10 10:07:45 | ERROR    | __main__:import_from_csv:120 | 导入失败 a650caaf-95d4-11ec-b060-6c92bfa7379e_0a7161fc-4451-4854-ad2f-c18a49d2e748: <MilvusException: (code=1100, message=length of varchar field id exceeds max length, row number: 0, length: 73, max length: 64: invalid parameter)>
2026-02-10 10:07:45 | ERROR    | __main__:import_from_csv:120 | 导入失败 a650caaf-95d4-11ec-b060-6c92bfa7379e_6a0f1cb1-7478-4103-8486-2ca9a3a7f979: <MilvusException: (code=1100, message=length of varchar field id exceeds max length, row number: 0, length: 73, max length: 64: invalid parameter)>
2026-02-10 10:07:46 | ERROR    | __main__:import_from_csv:120 | 导入失败 a650caaf-95d4-11ec-b060-6c92bfa7379e_afe71d6e-9688-4dcd-a4ea-afdf42558a25: <MilvusException: (code=1100, message=length of varchar field id exceeds max length, row number: 0, length: 73, max length: 64: invalid parameter)>
2026-02-10 10:07:46 | ERROR    | __main__:import_from_csv:120 | 导入失败 a6407798-961a-11ec-b060-6c92bfa7379e_2e231208-a529-4dd4-849d-c3b61c480c10: <MilvusException: (code=1100, message=length of varchar field id exceeds max length, row number: 0, length: 73, max length: 64: invalid parameter)>
2026-02-10 10:07:47 | ERROR    | __main__:import_from_csv:120 | 导入失败 a817b5a3-961a-11ec-b060-6c92bfa7379e_bf5b3e0e-ac92-4a87-8de3-0e70e146b1f6: <MilvusException: (code=1100, message=length of varchar field id exceeds max length, row number: 0, length: 73, max length: 64: invalid parameter)>
2026-02-10 10:07:47 | ERROR    | __main__:import_from_csv:120 | 导入失败 a66e4cab-95d4-11ec-b060-6c92bfa7379e_217b2fb9-364b-4e20-af6b-242144ea4527: <MilvusException: (code=1100, message=length of varchar field id exceeds max length, row number: 0, length: 73, max length: 64: invalid parameter)>
2026-02-10 10:07:48 | ERROR    | __main__:import_from_csv:120 | 导入失败 a66e4cab-95d4-11ec-b060-6c92bfa7379e_28e12d46-60ac-4c11-a2f1-61a5e14ba81d: <MilvusException: (code=1100, message=length of varchar field id exceeds max length, row number: 0, length: 73, max length: 64: invalid parameter)>
2026-02-10 10:07:48 | ERROR    | __main__:import_from_csv:120 | 导入失败 a66e4cab-95d4-11ec-b060-6c92bfa7379e_ab933196-bbe8-418d-b34e-04133c374cee: <MilvusException: (code=1100, message=length of varchar field id exceeds max length, row number: 0, length: 73, max length: 64: invalid parameter)>
2026-02-10 10:07:49 | ERROR    | __main__:import_from_csv:120 | 导入失败 a696281d-95d4-11ec-b060-6c92bfa7379e_160e3ba6-22b0-4941-b2ee-558deec5e624: <MilvusException: (code=1100, message=length of varchar field id exceeds max length, row number: 0, length: 73, max length: 64: invalid parameter)>
2026-02-10 10:07:49 | ERROR    | __main__:import_from_csv:120 | 导入失败 a696281d-95d4-11ec-b060-6c92bfa7379e_17f02045-7489-4074-8567-3ce073d78cb7: <MilvusException: (code=1100, message=length of varchar field id exceeds max length, row number: 0, length: 73, max length: 64: invalid parameter)>
2026-02-10 10:07:49 | ERROR    | __main__:import_from_csv:120 | 导入失败 a696281d-95d4-11ec-b060-6c92bfa7379e_5c401e36-ace5-4541-8ac9-7e88e6b2be55: <MilvusException: (code=1100, message=length of varchar field id exceeds max length, row number: 0, length: 73, max length: 64: invalid parameter)>
2026-02-10 10:07:49 | ERROR    | __main__:import_from_csv:120 | 导入失败 a696281d-95d4-11ec-b060-6c92bfa7379e_5fa7104d-1305-43f9-aeac-f4714214bea4: <MilvusException: (code=1100, message=length of varchar field id exceeds max length, row number: 0, length: 73, max length: 64: invalid parameter)>
2026-02-10 10:07:50 | ERROR    | __main__:import_from_csv:120 | 导入失败 a6ccba4b-95d4-11ec-b060-6c92bfa7379e_c3de55c8-2e04-40f8-adc8-dff99efdd99a: <MilvusException: (code=1100, message=length of varchar field id exceeds max length, row number: 0, length: 73, max length: 64: invalid parameter)>
2026-02-10 10:07:50 | ERROR    | __main__:import_from_csv:120 | 导入失败 a4b83e75-961a-11ec-b060-6c92bfa7379e_3d9c6beb-ef6b-4527-9a39-2c4d199a6038: <MilvusException: (code=1100, message=length of varchar field id exceeds max length, row number: 0, length: 73, max length: 64: invalid parameter)>
2026-02-10 10:07:50 | ERROR    | __main__:import_from_csv:120 | 导入失败 a4b83e75-961a-11ec-b060-6c92bfa7379e_e4b59168-5277-4ca0-8273-e837bbd5d2da: <MilvusException: (code=1100, message=length of varchar field id exceeds max length, row number: 0, length: 73, max length: 64: invalid parameter)>
2026-02-10 10:07:50 | ERROR    | __main__:import_from_csv:120 | 导入失败 a8451a2f-961a-11ec-b060-6c92bfa7379e_9b89957c-baf7-4731-a0bf-ff98fa93ef1c: <MilvusException: (code=1100, message=length of varchar field id exceeds max length, row number: 0, length: 73, max length: 64: invalid parameter)>
2026-02-10 10:07:51 | ERROR    | __main__:import_from_csv:120 | 导入失败 a6ad9cb2-95d4-11ec-b060-6c92bfa7379e_d353161f-b298-45e5-82f9-59bd5cc1b688: <MilvusException: (code=1100, message=length of varchar field id exceeds max length, row number: 0, length: 73, max length: 64: invalid parameter)>
2026-02-10 10:07:51 | ERROR    | __main__:import_from_csv:120 | 导入失败 a6ad9cb2-95d4-11ec-b060-6c92bfa7379e_e2dfaba4-179f-4987-966c-c3f1d39729bd: <MilvusException: (code=1100, message=length of varchar field id exceeds max length, row number: 0, length: 73, max length: 64: invalid parameter)>
2026-02-10 10:07:51 | ERROR    | __main__:import_from_csv:120 | 导入失败 a81b49c1-961a-11ec-b060-6c92bfa7379e_1035eaaf-c69d-411b-b4f7-5a7281542221: <MilvusException: (code=1100, message=length of varchar field id exceeds max length, row number: 0, length: 73, max length: 64: invalid parameter)>
2026-02-10 10:07:51 | ERROR    | __main__:import_from_csv:120 | 导入失败 a81b49c1-961a-11ec-b060-6c92bfa7379e_2592ec22-49cd-42ce-b6f4-6bc71a5846a1: <MilvusException: (code=1100, message=length of varchar field id exceeds max length, row number: 0, length: 73, max length: 64: invalid parameter)>
2026-02-10 10:07:52 | ERROR    | __main__:import_from_csv:120 | 导入失败 a81b49c1-961a-11ec-b060-6c92bfa7379e_3052e1da-1733-48a8-a72a-fcba16294cc9: <MilvusException: (code=1100, message=length of varchar field id exceeds max length, row number: 0, length: 73, max length: 64: invalid parameter)>
2026-02-10 10:07:52 | ERROR    | __main__:import_from_csv:120 | 导入失败 a81b49c1-961a-11ec-b060-6c92bfa7379e_64d2c1e0-b645-48ed-bf5f-d91100e8ac71: <MilvusException: (code=1100, message=length of varchar field id exceeds max length, row number: 0, length: 73, max length: 64: invalid parameter)>
2026-02-10 10:07:52 | ERROR    | __main__:import_from_csv:120 | 导入失败 a81b49c1-961a-11ec-b060-6c92bfa7379e_6d5b1711-085a-4da2-af8b-2fbd4d0ffbb7: <MilvusException: (code=1100, message=length of varchar field id exceeds max length, row number: 0, length: 73, max length: 64: invalid parameter)>
2026-02-10 10:07:52 | ERROR    | __main__:import_from_csv:120 | 导入失败 a81b49c1-961a-11ec-b060-6c92bfa7379e_a473362d-11ea-4364-856f-318bf4078ea0: <MilvusException: (code=1100, message=length of varchar field id exceeds max length, row number: 0, length: 73, max length: 64: invalid parameter)>
2026-02-10 10:07:53 | ERROR    | __main__:import_from_csv:120 | 导入失败 a81b49c1-961a-11ec-b060-6c92bfa7379e_a55a68fa-c525-4842-8490-40d61e7f2a5e: <MilvusException: (code=1100, message=length of varchar field id exceeds max length, row number: 0, length: 73, max length: 64: invalid parameter)>
2026-02-10 10:07:53 | ERROR    | __main__:import_from_csv:120 | 导入失败 a81b49c1-961a-11ec-b060-6c92bfa7379e_a8d20e39-a814-433a-809c-496e1df3a9ee: <MilvusException: (code=1100, message=length of varchar field id exceeds max length, row number: 0, length: 73, max length: 64: invalid parameter)>
2026-02-10 10:07:53 | ERROR    | __main__:import_from_csv:120 | 导入失败 a81b49c1-961a-11ec-b060-6c92bfa7379e_adc546d4-b976-46d7-af5b-2ac3f4e7acc5: <MilvusException: (code=1100, message=length of varchar field id exceeds max length, row number: 0, length: 73, max length: 64: invalid parameter)>
2026-02-10 10:07:53 | ERROR    | __main__:import_from_csv:120 | 导入失败 a81b49c1-961a-11ec-b060-6c92bfa7379e_f60470b8-12fc-4ed2-866e-5e2f6b8eda4d: <MilvusException: (code=1100, message=length of varchar field id exceeds max length, row number: 0, length: 73, max length: 64: invalid parameter)>
2026-02-10 10:07:54 | ERROR    | __main__:import_from_csv:120 | 导入失败 a81b49c1-961a-11ec-b060-6c92bfa7379e_fd4a61a2-e497-4f65-9afd-81a421e0095f: <MilvusException: (code=1100, message=length of varchar field id exceeds max length, row number: 0, length: 73, max length: 64: invalid parameter)>
2026-02-10 10:07:54 | ERROR    | __main__:import_from_csv:120 | 导入失败 a5742dd6-961a-11ec-b060-6c92bfa7379e_cf281a13-c4e1-4aba-a6ec-e9f4e64d99c2: <MilvusException: (code=1100, message=length of varchar field id exceeds max length, row number: 0, length: 73, max length: 64: invalid parameter)>
2026-02-10 10:07:55 | ERROR    | __main__:import_from_csv:120 | 导入失败 a697fee1-961a-11ec-b060-6c92bfa7379e_d65b794c-48e1-456d-98c5-ba0cf2fa8020: <MilvusException: (code=1100, message=length of varchar field id exceeds max length, row number: 0, length: 73, max length: 64: invalid parameter)>
2026-02-10 10:07:56 | ERROR    | __main__:import_from_csv:120 | 导入失败 a5e60d32-961a-11ec-b060-6c92bfa7379e_07a5130b-2dbc-45fd-85ee-9b996d0b5a20: <MilvusException: (code=1100, message=length of varchar field id exceeds max length, row number: 0, length: 73, max length: 64: invalid parameter)>
2026-02-10 10:07:56 | ERROR    | __main__:import_from_csv:120 | 导入失败 a5e60d32-961a-11ec-b060-6c92bfa7379e_3ec3b01b-7ef5-4c3e-868e-8da4201b4586: <MilvusException: (code=1100, message=length of varchar field id exceeds max length, row number: 0, length: 73, max length: 64: invalid parameter)>
2026-02-10 10:07:56 | ERROR    | __main__:import_from_csv:120 | 导入失败 a6b8a6cb-95d4-11ec-b060-6c92bfa7379e_24b6e146-acb1-4f13-bf73-4d497b365210: <MilvusException: (code=1100, message=length of varchar field id exceeds max length, row number: 0, length: 73, max length: 64: invalid parameter)>
2026-02-10 10:07:57 | ERROR    | __main__:import_from_csv:120 | 导入失败 a6b8a6cb-95d4-11ec-b060-6c92bfa7379e_3035c603-d243-430a-ad8c-85b944d851e0: <MilvusException: (code=1100, message=length of varchar field id exceeds max length, row number: 0, length: 73, max length: 64: invalid parameter)>
2026-02-10 10:07:57 | ERROR    | __main__:import_from_csv:120 | 导入失败 a6b8a6cb-95d4-11ec-b060-6c92bfa7379e_c7954224-3a61-4bf9-a507-57bccf489526: <MilvusException: (code=1100, message=length of varchar field id exceeds max length, row number: 0, length: 73, max length: 64: invalid parameter)>
2026-02-10 10:07:57 | ERROR    | __main__:import_from_csv:120 | 导入失败 a6b3a6e7-961a-11ec-b060-6c92bfa7379e_64636e4c-b4b7-49aa-8466-bdadfc4a53d0: <MilvusException: (code=1100, message=length of varchar field id exceeds max length, row number: 0, length: 73, max length: 64: invalid parameter)>
2026-02-10 10:07:57 | ERROR    | __main__:import_from_csv:120 | 导入失败 a4dd8ea2-961a-11ec-b060-6c92bfa7379e_17408525-be54-442c-a3c1-e037940be18c: <MilvusException: (code=1100, message=length of varchar field id exceeds max length, row number: 0, length: 73, max length: 64: invalid parameter)>
2026-02-10 10:07:58 | ERROR    | __main__:import_from_csv:120 | 导入失败 a4dd8ea2-961a-11ec-b060-6c92bfa7379e_5b076ad8-c963-4e80-9350-8e534c6c822e: <MilvusException: (code=1100, message=length of varchar field id exceeds max length, row number: 0, length: 73, max length: 64: invalid parameter)>
2026-02-10 10:07:58 | ERROR    | __main__:import_from_csv:120 | 导入失败 a61b8dd5-961a-11ec-b060-6c92bfa7379e_64cbdaea-1f44-4906-9842-f7bc20d0e9a5: <MilvusException: (code=1100, message=length of varchar field id exceeds max length, row number: 0, length: 73, max length: 64: invalid parameter)>
2026-02-10 10:07:58 | ERROR    | __main__:import_from_csv:120 | 导入失败 a5ae4d48-961a-11ec-b060-6c92bfa7379e_5df87f50-d2d6-4752-ada4-ba413ed2038a: <MilvusException: (code=1100, message=length of varchar field id exceeds max length, row number: 0, length: 73, max length: 64: invalid parameter)>
2026-02-10 10:07:59 | ERROR    | __main__:import_from_csv:120 | 导入失败 a4e90725-961a-11ec-b060-6c92bfa7379e_611d7329-c344-4c7b-80b7-ca9478538c1f: <MilvusException: (code=1100, message=length of varchar field id exceeds max length, row number: 0, length: 73, max length: 64: invalid parameter)>
2026-02-10 10:07:59 | ERROR    | __main__:import_from_csv:120 | 导入失败 a4e90725-961a-11ec-b060-6c92bfa7379e_b89078e4-55d7-4798-8e4c-c050956fe61f: <MilvusException: (code=1100, message=length of varchar field id exceeds max length, row number: 0, length: 73, max length: 64: invalid parameter)>
2026-02-10 10:07:59 | ERROR    | __main__:import_from_csv:120 | 导入失败 a66cf5b0-95d4-11ec-b060-6c92bfa7379e_4adbb974-5785-4635-aedd-99dacc7e9d7b: <MilvusException: (code=1100, message=length of varchar field id exceeds max length, row number: 0, length: 73, max length: 64: invalid parameter)>
2026-02-10 10:08:00 | ERROR    | __main__:import_from_csv:120 | 导入失败 a66cf5b0-95d4-11ec-b060-6c92bfa7379e_6a5c2703-828e-4df9-be20-484a27e0ed27: <MilvusException: (code=1100, message=length of varchar field id exceeds max length, row number: 0, length: 73, max length: 64: invalid parameter)>
2026-02-10 10:08:00 | ERROR    | __main__:import_from_csv:120 | 导入失败 a66cf5b0-95d4-11ec-b060-6c92bfa7379e_eaa1d10c-da93-41bb-86bc-b4f83dd93c5a: <MilvusException: (code=1100, message=length of varchar field id exceeds max length, row number: 0, length: 73, max length: 64: invalid parameter)>
2026-02-10 10:08:01 | ERROR    | __main__:import_from_csv:120 | 导入失败 a66cf5b0-95d4-11ec-b060-6c92bfa7379e_f7979f88-f168-4cc1-a432-2cc50d25ede9: <MilvusException: (code=1100, message=length of varchar field id exceeds max length, row number: 0, length: 73, max length: 64: invalid parameter)>
2026-02-10 10:08:01 | ERROR    | __main__:import_from_csv:120 | 导入失败 a85b6b7a-961a-11ec-b060-6c92bfa7379e_543052ad-eb8e-451b-9540-53e0c534dad3: <MilvusException: (code=1100, message=length of varchar field id exceeds max length, row number: 0, length: 73, max length: 64: invalid parameter)>
2026-02-10 10:08:01 | ERROR    | __main__:import_from_csv:120 | 导入失败 a85b6b7a-961a-11ec-b060-6c92bfa7379e_62db267e-7b28-4af1-b586-3e4900790c18: <MilvusException: (code=1100, message=length of varchar field id exceeds max length, row number: 0, length: 73, max length: 64: invalid parameter)>
2026-02-10 10:08:02 | ERROR    | __main__:import_from_csv:120 | 导入失败 a85b6b7a-961a-11ec-b060-6c92bfa7379e_be0e236e-a89b-49f5-a8a4-2223c1d9955c: <MilvusException: (code=1100, message=length of varchar field id exceeds max length, row number: 0, length: 73, max length: 64: invalid parameter)>
2026-02-10 10:08:02 | ERROR    | __main__:import_from_csv:120 | 导入失败 a85b6b7a-961a-11ec-b060-6c92bfa7379e_f6619b44-068a-4b03-a572-4f9d62e24f69: <MilvusException: (code=1100, message=length of varchar field id exceeds max length, row number: 0, length: 73, max length: 64: invalid parameter)>
2026-02-10 10:08:02 | ERROR    | __main__:import_from_csv:120 | 导入失败 a85b6b7a-961a-11ec-b060-6c92bfa7379e_f9b0bce3-18a4-4b19-841c-e2f1a97c3b85: <MilvusException: (code=1100, message=length of varchar field id exceeds max length, row number: 0, length: 73, max length: 64: invalid parameter)>
2026-02-10 10:08:02 | ERROR    | __main__:import_from_csv:120 | 导入失败 b0950bd9-ede2-11ec-a971-6c92bfa7379e_543052ad-eb8e-451b-9540-53e0c534dad3: <MilvusException: (code=1100, message=length of varchar field id exceeds max length, row number: 0, length: 73, max length: 64: invalid parameter)>
2026-02-10 10:08:03 | ERROR    | __main__:import_from_csv:120 | 导入失败 b0950bd9-ede2-11ec-a971-6c92bfa7379e_62db267e-7b28-4af1-b586-3e4900790c18: <MilvusException: (code=1100, message=length of varchar field id exceeds max length, row number: 0, length: 73, max length: 64: invalid parameter)>
2026-02-10 10:08:03 | ERROR    | __main__:import_from_csv:120 | 导入失败 b0950bd9-ede2-11ec-a971-6c92bfa7379e_be0e236e-a89b-49f5-a8a4-2223c1d9955c: <MilvusException: (code=1100, message=length of varchar field id exceeds max length, row number: 0, length: 73, max length: 64: invalid parameter)>
2026-02-10 10:08:03 | ERROR    | __main__:import_from_csv:120 | 导入失败 b0950bd9-ede2-11ec-a971-6c92bfa7379e_f6619b44-068a-4b03-a572-4f9d62e24f69: <MilvusException: (code=1100, message=length of varchar field id exceeds max length, row number: 0, length: 73, max length: 64: invalid parameter)>
2026-02-10 10:08:04 | ERROR    | __main__:import_from_csv:120 | 导入失败 b0950bd9-ede2-11ec-a971-6c92bfa7379e_f9b0bce3-18a4-4b19-841c-e2f1a97c3b85: <MilvusException: (code=1100, message=length of varchar field id exceeds max length, row number: 0, length: 73, max length: 64: invalid parameter)>
2026-02-10 10:08:04 | ERROR    | __main__:import_from_csv:120 | 导入失败 a6907493-95d4-11ec-b060-6c92bfa7379e_dab10051-871d-4f31-adc7-1d841b3acc6c: <MilvusException: (code=1100, message=length of varchar field id exceeds max length, row number: 0, length: 73, max length: 64: invalid parameter)>
2026-02-10 10:08:04 | ERROR    | __main__:import_from_csv:120 | 导入失败 a681d942-95d4-11ec-b060-6c92bfa7379e_0b1d92f9-d9b9-4535-9074-6c83fe608bb7: <MilvusException: (code=1100, message=length of varchar field id exceeds max length, row number: 0, length: 73, max length: 64: invalid parameter)>
2026-02-10 10:08:05 | ERROR    | __main__:import_from_csv:120 | 导入失败 a681d942-95d4-11ec-b060-6c92bfa7379e_11b2a0d4-1e67-49f4-8c1b-f3cf4c899c03: <MilvusException: (code=1100, message=length of varchar field id exceeds max length, row number: 0, length: 73, max length: 64: invalid parameter)>
2026-02-10 10:08:05 | ERROR    | __main__:import_from_csv:120 | 导入失败 a681d942-95d4-11ec-b060-6c92bfa7379e_2321b88b-25be-43a3-9c81-4902114ba735: <MilvusException: (code=1100, message=length of varchar field id exceeds max length, row number: 0, length: 73, max length: 64: invalid parameter)>
2026-02-10 10:08:05 | ERROR    | __main__:import_from_csv:120 | 导入失败 a681d942-95d4-11ec-b060-6c92bfa7379e_346e27f3-3fdb-4722-b555-5fd0a7f83783: <MilvusException: (code=1100, message=length of varchar field id exceeds max length, row number: 0, length: 73, max length: 64: invalid parameter)>
2026-02-10 10:08:05 | ERROR    | __main__:import_from_csv:120 | 导入失败 a681d942-95d4-11ec-b060-6c92bfa7379e_4cb37ea9-796c-4474-925b-f85bd81d7500: <MilvusException: (code=1100, message=length of varchar field id exceeds max length, row number: 0, length: 73, max length: 64: invalid parameter)>
2026-02-10 10:08:06 | ERROR    | __main__:import_from_csv:120 | 导入失败 a681d942-95d4-11ec-b060-6c92bfa7379e_9e1351ec-e08c-44ca-850b-51a433d62176: <MilvusException: (code=1100, message=length of varchar field id exceeds max length, row number: 0, length: 73, max length: 64: invalid parameter)>
2026-02-10 10:08:06 | ERROR    | __main__:import_from_csv:120 | 导入失败 a681d942-95d4-11ec-b060-6c92bfa7379e_b9451bd2-543d-4350-8678-88487073adfa: <MilvusException: (code=1100, message=length of varchar field id exceeds max length, row number: 0, length: 73, max length: 64: invalid parameter)>
2026-02-10 10:08:06 | ERROR    | __main__:import_from_csv:120 | 导入失败 a681d942-95d4-11ec-b060-6c92bfa7379e_be46e07d-a262-43c1-8a65-7ca9708bab0e: <MilvusException: (code=1100, message=length of varchar field id exceeds max length, row number: 0, length: 73, max length: 64: invalid parameter)>
2026-02-10 10:08:06 | ERROR    | __main__:import_from_csv:120 | 导入失败 a681d942-95d4-11ec-b060-6c92bfa7379e_c4af985f-eb09-42d7-8131-5b99d055bfe9: <MilvusException: (code=1100, message=length of varchar field id exceeds max length, row number: 0, length: 73, max length: 64: invalid parameter)>
2026-02-10 10:08:07 | ERROR    | __main__:import_from_csv:120 | 导入失败 a681d942-95d4-11ec-b060-6c92bfa7379e_dddb52ea-36db-477a-848d-6c21af12977d: <MilvusException: (code=1100, message=length of varchar field id exceeds max length, row number: 0, length: 73, max length: 64: invalid parameter)>
2026-02-10 10:08:07 | ERROR    | __main__:import_from_csv:120 | 导入失败 a6a384a0-95d4-11ec-b060-6c92bfa7379e_0c9575ae-718a-4668-8964-d1d76b7f575a: <MilvusException: (code=1100, message=length of varchar field id exceeds max length, row number: 0, length: 73, max length: 64: invalid parameter)>
2026-02-10 10:08:07 | ERROR    | __main__:import_from_csv:120 | 导入失败 a6a384a0-95d4-11ec-b060-6c92bfa7379e_2040ecd0-8c72-4fa2-ad2d-db33128eb341: <MilvusException: (code=1100, message=length of varchar field id exceeds max length, row number: 0, length: 73, max length: 64: invalid parameter)>
2026-02-10 10:08:07 | ERROR    | __main__:import_from_csv:120 | 导入失败 b063566c-ede2-11ec-a971-6c92bfa7379e_0c9575ae-718a-4668-8964-d1d76b7f575a: <MilvusException: (code=1100, message=length of varchar field id exceeds max length, row number: 0, length: 73, max length: 64: invalid parameter)>
2026-02-10 10:08:08 | ERROR    | __main__:import_from_csv:120 | 导入失败 b063566c-ede2-11ec-a971-6c92bfa7379e_2040ecd0-8c72-4fa2-ad2d-db33128eb341: <MilvusException: (code=1100, message=length of varchar field id exceeds max length, row number: 0, length: 73, max length: 64: invalid parameter)>
2026-02-10 10:08:08 | ERROR    | __main__:import_from_csv:120 | 导入失败 a67e025b-961a-11ec-b060-6c92bfa7379e_16c485d1-b0bb-49de-901c-c0cc6b20b0d8: <MilvusException: (code=1100, message=length of varchar field id exceeds max length, row number: 0, length: 73, max length: 64: invalid parameter)>
2026-02-10 10:08:08 | ERROR    | __main__:import_from_csv:120 | 导入失败 a67e025b-961a-11ec-b060-6c92bfa7379e_47a5c07c-7c87-40bb-aec0-4afb87501010: <MilvusException: (code=1100, message=length of varchar field id exceeds max length, row number: 0, length: 73, max length: 64: invalid parameter)>
2026-02-10 10:08:08 | ERROR    | __main__:import_from_csv:120 | 导入失败 a67e025b-961a-11ec-b060-6c92bfa7379e_b36b1d81-fd9a-4780-8dcd-849c20859cf0: <MilvusException: (code=1100, message=length of varchar field id exceeds max length, row number: 0, length: 73, max length: 64: invalid parameter)>
2026-02-10 10:08:09 | ERROR    | __main__:import_from_csv:120 | 导入失败 a688ed54-95d4-11ec-b060-6c92bfa7379e_f4e9bc0e-988a-4acf-b4d9-8757b2888ab3: <MilvusException: (code=1100, message=length of varchar field id exceeds max length, row number: 0, length: 73, max length: 64: invalid parameter)>
2026-02-10 10:08:09 | ERROR    | __main__:import_from_csv:120 | 导入失败 a64f0668-95d4-11ec-b060-6c92bfa7379e_e10c997b-7ae9-43b7-b2fa-a321cb0c5c04: <MilvusException: (code=1100, message=length of varchar field id exceeds max length, row number: 0, length: 73, max length: 64: invalid parameter)>
2026-02-10 10:08:09 | ERROR    | __main__:import_from_csv:120 | 导入失败 a66f1ac1-95d4-11ec-b060-6c92bfa7379e_37bb626d-4c23-47e1-8e4b-60ae40b974bf: <MilvusException: (code=1100, message=length of varchar field id exceeds max length, row number: 0, length: 73, max length: 64: invalid parameter)>
2026-02-10 10:08:09 | ERROR    | __main__:import_from_csv:120 | 导入失败 a66f1ac1-95d4-11ec-b060-6c92bfa7379e_3c27199c-37af-4b95-95d2-3b0722194ad8: <MilvusException: (code=1100, message=length of varchar field id exceeds max length, row number: 0, length: 73, max length: 64: invalid parameter)>
2026-02-10 10:08:10 | ERROR    | __main__:import_from_csv:120 | 导入失败 a66f1ac1-95d4-11ec-b060-6c92bfa7379e_6905fd63-3323-4820-bc01-a844695158af: <MilvusException: (code=1100, message=length of varchar field id exceeds max length, row number: 0, length: 73, max length: 64: invalid parameter)>
2026-02-10 10:08:10 | ERROR    | __main__:import_from_csv:120 | 导入失败 a66f1ac1-95d4-11ec-b060-6c92bfa7379e_6d9c5b53-82a3-4978-887c-7377dac291bd: <MilvusException: (code=1100, message=length of varchar field id exceeds max length, row number: 0, length: 73, max length: 64: invalid parameter)>
2026-02-10 10:08:11 | ERROR    | __main__:import_from_csv:120 | 导入失败 a66f1ac1-95d4-11ec-b060-6c92bfa7379e_a6a41689-6188-4d38-87ad-4f5f0663d4e2: <MilvusException: (code=1100, message=length of varchar field id exceeds max length, row number: 0, length: 73, max length: 64: invalid parameter)>
2026-02-10 10:08:11 | ERROR    | __main__:import_from_csv:120 | 导入失败 a66f1ac1-95d4-11ec-b060-6c92bfa7379e_cdd4875c-d13e-446c-b933-564e5438e487: <MilvusException: (code=1100, message=length of varchar field id exceeds max length, row number: 0, length: 73, max length: 64: invalid parameter)>
2026-02-10 10:08:11 | ERROR    | __main__:import_from_csv:120 | 导入失败 a66f1ac1-95d4-11ec-b060-6c92bfa7379e_d12a8874-d546-4939-b864-843d44167bc5: <MilvusException: (code=1100, message=length of varchar field id exceeds max length, row number: 0, length: 73, max length: 64: invalid parameter)>
2026-02-10 10:08:11 | ERROR    | __main__:import_from_csv:120 | 导入失败 a66f1ac1-95d4-11ec-b060-6c92bfa7379e_e7d176a6-004e-4664-ae81-0f345ab4c89e: <MilvusException: (code=1100, message=length of varchar field id exceeds max length, row number: 0, length: 73, max length: 64: invalid parameter)>
2026-02-10 10:08:12 | ERROR    | __main__:import_from_csv:120 | 导入失败 a66f1ac1-95d4-11ec-b060-6c92bfa7379e_f168d7cf-5106-4e11-9730-7434888ac05c: <MilvusException: (code=1100, message=length of varchar field id exceeds max length, row number: 0, length: 73, max length: 64: invalid parameter)>
2026-02-10 10:08:12 | ERROR    | __main__:import_from_csv:120 | 导入失败 a690b051-95d4-11ec-b060-6c92bfa7379e_f10f9d12-13de-4aff-a238-1b090e347dc7: <MilvusException: (code=1100, message=length of varchar field id exceeds max length, row number: 0, length: 73, max length: 64: invalid parameter)>
2026-02-10 10:08:12 | ERROR    | __main__:import_from_csv:120 | 导入失败 a6e23aaf-95d4-11ec-b060-6c92bfa7379e_06127b0b-27cb-4238-bb0c-f929173b9f86: <MilvusException: (code=1100, message=length of varchar field id exceeds max length, row number: 0, length: 73, max length: 64: invalid parameter)>
2026-02-10 10:08:12 | ERROR    | __main__:import_from_csv:120 | 导入失败 a6c9c8d1-95d4-11ec-b060-6c92bfa7379e_071363cd-63f2-41d0-9502-3ddd9521dd91: <MilvusException: (code=1100, message=length of varchar field id exceeds max length, row number: 0, length: 73, max length: 64: invalid parameter)>
2026-02-10 10:08:13 | ERROR    | __main__:import_from_csv:120 | 导入失败 a6c9c8d1-95d4-11ec-b060-6c92bfa7379e_2240e72d-f5d6-4c9a-ace2-3a8f95e4258a: <MilvusException: (code=1100, message=length of varchar field id exceeds max length, row number: 0, length: 73, max length: 64: invalid parameter)>
2026-02-10 10:08:13 | ERROR    | __main__:import_from_csv:120 | 导入失败 a6c9c8d1-95d4-11ec-b060-6c92bfa7379e_c25584c9-3440-4405-b221-99bcb9f68d07: <MilvusException: (code=1100, message=length of varchar field id exceeds max length, row number: 0, length: 73, max length: 64: invalid parameter)>
2026-02-10 10:08:13 | ERROR    | __main__:import_from_csv:120 | 导入失败 a6c9c8d1-95d4-11ec-b060-6c92bfa7379e_eff5fdca-c390-4950-8bb0-2e55d1be3c3c: <MilvusException: (code=1100, message=length of varchar field id exceeds max length, row number: 0, length: 73, max length: 64: invalid parameter)>
2026-02-10 10:08:14 | ERROR    | __main__:import_from_csv:120 | 导入失败 a6c9c8d1-95d4-11ec-b060-6c92bfa7379e_f7886b86-86e8-4c98-860d-462d43a6a3a6: <MilvusException: (code=1100, message=length of varchar field id exceeds max length, row number: 0, length: 73, max length: 64: invalid parameter)>
2026-02-10 10:08:14 | ERROR    | __main__:import_from_csv:120 | 导入失败 b0294547-ede2-11ec-a971-6c92bfa7379e_071363cd-63f2-41d0-9502-3ddd9521dd91: <MilvusException: (code=1100, message=length of varchar field id exceeds max length, row number: 0, length: 73, max length: 64: invalid parameter)>
2026-02-10 10:08:14 | ERROR    | __main__:import_from_csv:120 | 导入失败 b0294547-ede2-11ec-a971-6c92bfa7379e_2240e72d-f5d6-4c9a-ace2-3a8f95e4258a: <MilvusException: (code=1100, message=length of varchar field id exceeds max length, row number: 0, length: 73, max length: 64: invalid parameter)>
2026-02-10 10:08:14 | ERROR    | __main__:import_from_csv:120 | 导入失败 b0294547-ede2-11ec-a971-6c92bfa7379e_c25584c9-3440-4405-b221-99bcb9f68d07: <MilvusException: (code=1100, message=length of varchar field id exceeds max length, row number: 0, length: 73, max length: 64: invalid parameter)>
2026-02-10 10:08:15 | ERROR    | __main__:import_from_csv:120 | 导入失败 b0294547-ede2-11ec-a971-6c92bfa7379e_eff5fdca-c390-4950-8bb0-2e55d1be3c3c: <MilvusException: (code=1100, message=length of varchar field id exceeds max length, row number: 0, length: 73, max length: 64: invalid parameter)>
2026-02-10 10:08:15 | ERROR    | __main__:import_from_csv:120 | 导入失败 b0294547-ede2-11ec-a971-6c92bfa7379e_f7886b86-86e8-4c98-860d-462d43a6a3a6: <MilvusException: (code=1100, message=length of varchar field id exceeds max length, row number: 0, length: 73, max length: 64: invalid parameter)>
2026-02-10 10:08:15 | ERROR    | __main__:import_from_csv:120 | 导入失败 a68ec389-95d4-11ec-b060-6c92bfa7379e_626a82d4-1e4f-4bfd-82e4-6ab08cecff35: <MilvusException: (code=1100, message=length of varchar field id exceeds max length, row number: 0, length: 73, max length: 64: invalid parameter)>
2026-02-10 10:08:16 | ERROR    | __main__:import_from_csv:120 | 导入失败 a68ec389-95d4-11ec-b060-6c92bfa7379e_6c1f5070-1aba-4aa9-9340-676919e44d0f: <MilvusException: (code=1100, message=length of varchar field id exceeds max length, row number: 0, length: 73, max length: 64: invalid parameter)>
2026-02-10 10:08:16 | ERROR    | __main__:import_from_csv:120 | 导入失败 a64a800d-961a-11ec-b060-6c92bfa7379e_5a9b06b3-c58e-402d-a14c-74a00a95df45: <MilvusException: (code=1100, message=length of varchar field id exceeds max length, row number: 0, length: 73, max length: 64: invalid parameter)>
2026-02-10 10:08:16 | ERROR    | __main__:import_from_csv:120 | 导入失败 a64a800d-961a-11ec-b060-6c92bfa7379e_a37f1c93-639c-45c0-ab52-d4d4a7d4d93e: <MilvusException: (code=1100, message=length of varchar field id exceeds max length, row number: 0, length: 73, max length: 64: invalid parameter)>
2026-02-10 10:08:16 | ERROR    | __main__:import_from_csv:120 | 导入失败 a60b7a53-961a-11ec-b060-6c92bfa7379e_495cabfb-fa8f-4c84-81f9-b8206d45f877: <MilvusException: (code=1100, message=length of varchar field id exceeds max length, row number: 0, length: 73, max length: 64: invalid parameter)>
2026-02-10 10:08:17 | ERROR    | __main__:import_from_csv:120 | 导入失败 a6a1b09f-95d4-11ec-b060-6c92bfa7379e_9d617bd9-1db2-47e5-87ab-4de9a4d8001b: <MilvusException: (code=1100, message=length of varchar field id exceeds max length, row number: 0, length: 73, max length: 64: invalid parameter)>
2026-02-10 10:08:17 | ERROR    | __main__:import_from_csv:120 | 导入失败 a614d585-961a-11ec-b060-6c92bfa7379e_6106925a-b9f6-4a36-b98a-eb15bd640131: <MilvusException: (code=1100, message=length of varchar field id exceeds max length, row number: 0, length: 73, max length: 64: invalid parameter)>
2026-02-10 10:08:17 | ERROR    | __main__:import_from_csv:120 | 导入失败 a614d585-961a-11ec-b060-6c92bfa7379e_a4310a3a-ea62-45d1-959c-b05655f3c841: <MilvusException: (code=1100, message=length of varchar field id exceeds max length, row number: 0, length: 73, max length: 64: invalid parameter)>
2026-02-10 10:08:17 | ERROR    | __main__:import_from_csv:120 | 导入失败 a614d585-961a-11ec-b060-6c92bfa7379e_dfbbead0-272e-4a3b-9d5d-96bd7ece4ff0: <MilvusException: (code=1100, message=length of varchar field id exceeds max length, row number: 0, length: 73, max length: 64: invalid parameter)>
2026-02-10 10:08:18 | ERROR    | __main__:import_from_csv:120 | 导入失败 a6d34c56-961a-11ec-b060-6c92bfa7379e_08a1fcab-61d1-4c9d-85d4-c97f21e095af: <MilvusException: (code=1100, message=length of varchar field id exceeds max length, row number: 0, length: 73, max length: 64: invalid parameter)>
2026-02-10 10:08:18 | ERROR    | __main__:import_from_csv:120 | 导入失败 a6d34c56-961a-11ec-b060-6c92bfa7379e_dfadc613-fc66-4675-9d8f-04096eb9af01: <MilvusException: (code=1100, message=length of varchar field id exceeds max length, row number: 0, length: 73, max length: 64: invalid parameter)>
2026-02-10 10:08:18 | ERROR    | __main__:import_from_csv:120 | 导入失败 a8548cfc-961a-11ec-b060-6c92bfa7379e_20183b75-a805-400c-95fc-86542948417b: <MilvusException: (code=1100, message=length of varchar field id exceeds max length, row number: 0, length: 73, max length: 64: invalid parameter)>
2026-02-10 10:08:18 | ERROR    | __main__:import_from_csv:120 | 导入失败 a8548cfc-961a-11ec-b060-6c92bfa7379e_43cbf440-810f-4c18-ae5a-ef1c22be39c3: <MilvusException: (code=1100, message=length of varchar field id exceeds max length, row number: 0, length: 73, max length: 64: invalid parameter)>
2026-02-10 10:08:19 | ERROR    | __main__:import_from_csv:120 | 导入失败 a8548cfc-961a-11ec-b060-6c92bfa7379e_518b66eb-50e1-4f51-baa9-81581b9631fa: <MilvusException: (code=1100, message=length of varchar field id exceeds max length, row number: 0, length: 73, max length: 64: invalid parameter)>
2026-02-10 10:08:19 | ERROR    | __main__:import_from_csv:120 | 导入失败 a8548cfc-961a-11ec-b060-6c92bfa7379e_5c2a16a7-849f-4ce4-94fa-a9ba924bc13e: <MilvusException: (code=1100, message=length of varchar field id exceeds max length, row number: 0, length: 73, max length: 64: invalid parameter)>
2026-02-10 10:08:19 | ERROR    | __main__:import_from_csv:120 | 导入失败 a67bdf09-95d4-11ec-b060-6c92bfa7379e_2bddde55-1182-4d3e-9122-dd8c9743381c: <MilvusException: (code=1100, message=length of varchar field id exceeds max length, row number: 0, length: 73, max length: 64: invalid parameter)>
2026-02-10 10:08:20 | ERROR    | __main__:import_from_csv:120 | 导入失败 a67bdf09-95d4-11ec-b060-6c92bfa7379e_5fb4a47f-8a1c-466d-af81-ae385a1b9494: <MilvusException: (code=1100, message=length of varchar field id exceeds max length, row number: 0, length: 73, max length: 64: invalid parameter)>
2026-02-10 10:08:21 | ERROR    | __main__:import_from_csv:120 | 导入失败 a67bdf09-95d4-11ec-b060-6c92bfa7379e_6b3b5878-c5f2-41a1-95b0-6dfb4860343f: <MilvusException: (code=1100, message=length of varchar field id exceeds max length, row number: 0, length: 73, max length: 64: invalid parameter)>
2026-02-10 10:08:21 | ERROR    | __main__:import_from_csv:120 | 导入失败 a67bdf09-95d4-11ec-b060-6c92bfa7379e_71dbd1a7-30ca-4e80-b181-396e5bbe0d38: <MilvusException: (code=1100, message=length of varchar field id exceeds max length, row number: 0, length: 73, max length: 64: invalid parameter)>
2026-02-10 10:08:21 | ERROR    | __main__:import_from_csv:120 | 导入失败 a67bdf09-95d4-11ec-b060-6c92bfa7379e_a2845bbd-0e46-4fe0-adf1-0fe717b9f08c: <MilvusException: (code=1100, message=length of varchar field id exceeds max length, row number: 0, length: 73, max length: 64: invalid parameter)>
2026-02-10 10:08:21 | ERROR    | __main__:import_from_csv:120 | 导入失败 a67bdf09-95d4-11ec-b060-6c92bfa7379e_bef09a5c-9c44-4d32-b35e-e5f3dd36a5cc: <MilvusException: (code=1100, message=length of varchar field id exceeds max length, row number: 0, length: 73, max length: 64: invalid parameter)>
2026-02-10 10:08:22 | ERROR    | __main__:import_from_csv:120 | 导入失败 a67bdf09-95d4-11ec-b060-6c92bfa7379e_cfd0340b-03d3-4079-bff2-81ac17141e60: <MilvusException: (code=1100, message=length of varchar field id exceeds max length, row number: 0, length: 73, max length: 64: invalid parameter)>
2026-02-10 10:08:22 | ERROR    | __main__:import_from_csv:120 | 导入失败 a661a50d-95d4-11ec-b060-6c92bfa7379e_25613310-5fdf-4591-a5e2-f5e98893501e: <MilvusException: (code=1100, message=length of varchar field id exceeds max length, row number: 0, length: 73, max length: 64: invalid parameter)>
2026-02-10 10:08:22 | ERROR    | __main__:import_from_csv:120 | 导入失败 a661a50d-95d4-11ec-b060-6c92bfa7379e_63b4a399-155d-457f-9b89-5772ee5e3cba: <MilvusException: (code=1100, message=length of varchar field id exceeds max length, row number: 0, length: 73, max length: 64: invalid parameter)>
2026-02-10 10:08:22 | ERROR    | __main__:import_from_csv:120 | 导入失败 b066d6cd-ede2-11ec-a971-6c92bfa7379e_6c7eb779-2516-4cbb-88cc-e5e1a50bd02f: <MilvusException: (code=1100, message=length of varchar field id exceeds max length, row number: 0, length: 73, max length: 64: invalid parameter)>
2026-02-10 10:08:23 | ERROR    | __main__:import_from_csv:120 | 导入失败 a68c75f8-95d4-11ec-b060-6c92bfa7379e_d74632ea-10ed-4562-be19-e17cd7eb5e38: <MilvusException: (code=1100, message=length of varchar field id exceeds max length, row number: 0, length: 73, max length: 64: invalid parameter)>
2026-02-10 10:08:23 | ERROR    | __main__:import_from_csv:120 | 导入失败 a614d6a5-961a-11ec-b060-6c92bfa7379e_12bce5bd-59ca-432e-b106-24457d595e05: <MilvusException: (code=1100, message=length of varchar field id exceeds max length, row number: 0, length: 73, max length: 64: invalid parameter)>
2026-02-10 10:08:23 | ERROR    | __main__:import_from_csv:120 | 导入失败 a614d6a5-961a-11ec-b060-6c92bfa7379e_5359dd70-2a72-472f-96ef-7d66e1ae3ec4: <MilvusException: (code=1100, message=length of varchar field id exceeds max length, row number: 0, length: 73, max length: 64: invalid parameter)>
2026-02-10 10:08:23 | ERROR    | __main__:import_from_csv:120 | 导入失败 a614d6a5-961a-11ec-b060-6c92bfa7379e_5641becc-3d8a-40fa-a15b-cd5e5f986fc3: <MilvusException: (code=1100, message=length of varchar field id exceeds max length, row number: 0, length: 73, max length: 64: invalid parameter)>
2026-02-10 10:08:24 | ERROR    | __main__:import_from_csv:120 | 导入失败 a4f89704-961a-11ec-b060-6c92bfa7379e_31aa6e7e-178d-4a05-a83e-d7c512fa573b: <MilvusException: (code=1100, message=length of varchar field id exceeds max length, row number: 0, length: 73, max length: 64: invalid parameter)>
2026-02-10 10:08:24 | ERROR    | __main__:import_from_csv:120 | 导入失败 a4f89704-961a-11ec-b060-6c92bfa7379e_6edeccc4-157e-47b7-a172-8343c4d7edbe: <MilvusException: (code=1100, message=length of varchar field id exceeds max length, row number: 0, length: 73, max length: 64: invalid parameter)>
2026-02-10 10:08:24 | ERROR    | __main__:import_from_csv:120 | 导入失败 afb79aa8-ede2-11ec-a971-6c92bfa7379e_b5fc9001-21f3-4222-97a9-45e3c219dc18: <MilvusException: (code=1100, message=length of varchar field id exceeds max length, row number: 0, length: 73, max length: 64: invalid parameter)>
2026-02-10 10:08:25 | ERROR    | __main__:import_from_csv:120 | 导入失败 a607e356-961a-11ec-b060-6c92bfa7379e_5d6af8b0-4227-4b90-b980-94c117e9b40a: <MilvusException: (code=1100, message=length of varchar field id exceeds max length, row number: 0, length: 73, max length: 64: invalid parameter)>
2026-02-10 10:08:25 | ERROR    | __main__:import_from_csv:120 | 导入失败 a607e356-961a-11ec-b060-6c92bfa7379e_baf44c29-2aab-4eda-a532-58cae5cd548d: <MilvusException: (code=1100, message=length of varchar field id exceeds max length, row number: 0, length: 73, max length: 64: invalid parameter)>
2026-02-10 10:08:25 | ERROR    | __main__:import_from_csv:120 | 导入失败 a607e356-961a-11ec-b060-6c92bfa7379e_e86b733a-8c44-4df1-9958-f574fe26caf4: <MilvusException: (code=1100, message=length of varchar field id exceeds max length, row number: 0, length: 73, max length: 64: invalid parameter)>
2026-02-10 10:08:25 | ERROR    | __main__:import_from_csv:120 | 导入失败 a51413ec-961a-11ec-b060-6c92bfa7379e_1e3a4dba-50fa-4129-944a-130e5968f9a7: <MilvusException: (code=1100, message=length of varchar field id exceeds max length, row number: 0, length: 73, max length: 64: invalid parameter)>
2026-02-10 10:08:26 | ERROR    | __main__:import_from_csv:120 | 导入失败 a51413ec-961a-11ec-b060-6c92bfa7379e_e6ef49c5-4214-4fd4-9182-17497c565274: <MilvusException: (code=1100, message=length of varchar field id exceeds max length, row number: 0, length: 73, max length: 64: invalid parameter)>
2026-02-10 10:08:26 | ERROR    | __main__:import_from_csv:120 | 导入失败 b0592ea2-ede2-11ec-a971-6c92bfa7379e_1e3a4dba-50fa-4129-944a-130e5968f9a7: <MilvusException: (code=1100, message=length of varchar field id exceeds max length, row number: 0, length: 73, max length: 64: invalid parameter)>
2026-02-10 10:08:26 | ERROR    | __main__:import_from_csv:120 | 导入失败 b0592ea2-ede2-11ec-a971-6c92bfa7379e_e6ef49c5-4214-4fd4-9182-17497c565274: <MilvusException: (code=1100, message=length of varchar field id exceeds max length, row number: 0, length: 73, max length: 64: invalid parameter)>
2026-02-10 10:08:27 | ERROR    | __main__:import_from_csv:120 | 导入失败 a4a83a50-961a-11ec-b060-6c92bfa7379e_3a61ad49-2b38-41a8-abe7-017c109b3a7c: <MilvusException: (code=1100, message=length of varchar field id exceeds max length, row number: 0, length: 73, max length: 64: invalid parameter)>
2026-02-10 10:08:27 | ERROR    | __main__:import_from_csv:120 | 导入失败 a4a83a50-961a-11ec-b060-6c92bfa7379e_6684e8b9-45e8-4554-8b81-0ff8077e1da0: <MilvusException: (code=1100, message=length of varchar field id exceeds max length, row number: 0, length: 73, max length: 64: invalid parameter)>
2026-02-10 10:08:27 | ERROR    | __main__:import_from_csv:120 | 导入失败 a4a83a50-961a-11ec-b060-6c92bfa7379e_c6f8f0cf-8b50-4625-9bed-0590010ebb3b: <MilvusException: (code=1100, message=length of varchar field id exceeds max length, row number: 0, length: 73, max length: 64: invalid parameter)>
2026-02-10 10:08:27 | ERROR    | __main__:import_from_csv:120 | 导入失败 a4a83a50-961a-11ec-b060-6c92bfa7379e_f41737c5-e90b-4b8e-83e5-6b24d3c544c8: <MilvusException: (code=1100, message=length of varchar field id exceeds max length, row number: 0, length: 73, max length: 64: invalid parameter)>
2026-02-10 10:08:28 | ERROR    | __main__:import_from_csv:120 | 导入失败 a84e327b-961a-11ec-b060-6c92bfa7379e_cece1e8d-cb92-422b-ac19-a260169c7f66: <MilvusException: (code=1100, message=length of varchar field id exceeds max length, row number: 0, length: 73, max length: 64: invalid parameter)>
2026-02-10 10:08:28 | ERROR    | __main__:import_from_csv:120 | 导入失败 a649a52d-961a-11ec-b060-6c92bfa7379e_a706e9df-9a24-4945-87fc-d4cef6c10f43: <MilvusException: (code=1100, message=length of varchar field id exceeds max length, row number: 0, length: 73, max length: 64: invalid parameter)>
2026-02-10 10:08:28 | ERROR    | __main__:import_from_csv:120 | 导入失败 a504ef08-961a-11ec-b060-6c92bfa7379e_1805cd96-da69-44cc-be23-218f5e838f95: <MilvusException: (code=1100, message=length of varchar field id exceeds max length, row number: 0, length: 73, max length: 64: invalid parameter)>
2026-02-10 10:08:28 | ERROR    | __main__:import_from_csv:120 | 导入失败 a504ef08-961a-11ec-b060-6c92bfa7379e_ab9aa452-1675-4a86-b7c8-ced9ea8b2852: <MilvusException: (code=1100, message=length of varchar field id exceeds max length, row number: 0, length: 73, max length: 64: invalid parameter)>
2026-02-10 10:08:29 | ERROR    | __main__:import_from_csv:120 | 导入失败 a84a5de6-961a-11ec-b060-6c92bfa7379e_49e7c8e5-e010-4c22-9220-8f06742eee70: <MilvusException: (code=1100, message=length of varchar field id exceeds max length, row number: 0, length: 73, max length: 64: invalid parameter)>
2026-02-10 10:08:29 | ERROR    | __main__:import_from_csv:120 | 导入失败 a68182c8-95d4-11ec-b060-6c92bfa7379e_f9969337-bf0c-44e7-9331-91a03f6282a8: <MilvusException: (code=1100, message=length of varchar field id exceeds max length, row number: 0, length: 73, max length: 64: invalid parameter)>
2026-02-10 10:08:29 | ERROR    | __main__:import_from_csv:120 | 导入失败 a6953f33-95d4-11ec-b060-6c92bfa7379e_22b8a42a-d155-4601-906b-7de24e989021: <MilvusException: (code=1100, message=length of varchar field id exceeds max length, row number: 0, length: 73, max length: 64: invalid parameter)>
2026-02-10 10:08:29 | ERROR    | __main__:import_from_csv:120 | 导入失败 a6953f33-95d4-11ec-b060-6c92bfa7379e_29f8fa41-0363-423b-b13d-f89c59761f04: <MilvusException: (code=1100, message=length of varchar field id exceeds max length, row number: 0, length: 73, max length: 64: invalid parameter)>
2026-02-10 10:08:30 | ERROR    | __main__:import_from_csv:120 | 导入失败 a692c875-95d4-11ec-b060-6c92bfa7379e_1bd77a2a-4842-446c-a7c0-9c845c2466f3: <MilvusException: (code=1100, message=length of varchar field id exceeds max length, row number: 0, length: 73, max length: 64: invalid parameter)>
2026-02-10 10:08:30 | ERROR    | __main__:import_from_csv:120 | 导入失败 a692c875-95d4-11ec-b060-6c92bfa7379e_63778bff-ff27-4926-a5d7-3b2d4821b982: <MilvusException: (code=1100, message=length of varchar field id exceeds max length, row number: 0, length: 73, max length: 64: invalid parameter)>
2026-02-10 10:08:30 | ERROR    | __main__:import_from_csv:120 | 导入失败 a78c72f6-961a-11ec-b060-6c92bfa7379e_36f04a0c-eba7-4684-868b-c83fa687c471: <MilvusException: (code=1100, message=length of varchar field id exceeds max length, row number: 0, length: 73, max length: 64: invalid parameter)>
2026-02-10 10:08:30 | ERROR    | __main__:import_from_csv:120 | 导入失败 a78c72f6-961a-11ec-b060-6c92bfa7379e_a935495f-c918-4b5c-a6d7-5a578c8ff195: <MilvusException: (code=1100, message=length of varchar field id exceeds max length, row number: 0, length: 73, max length: 64: invalid parameter)>
2026-02-10 10:08:31 | ERROR    | __main__:import_from_csv:120 | 导入失败 a78c72f6-961a-11ec-b060-6c92bfa7379e_c00ebf69-4f00-4f6a-a0b5-63d248a931f7: <MilvusException: (code=1100, message=length of varchar field id exceeds max length, row number: 0, length: 73, max length: 64: invalid parameter)>
2026-02-10 10:08:31 | ERROR    | __main__:import_from_csv:120 | 导入失败 a78c72f6-961a-11ec-b060-6c92bfa7379e_cd9d6785-028a-49c9-b7ca-5812ed7c07de: <MilvusException: (code=1100, message=length of varchar field id exceeds max length, row number: 0, length: 73, max length: 64: invalid parameter)>
2026-02-10 10:08:31 | ERROR    | __main__:import_from_csv:120 | 导入失败 a50002f1-961a-11ec-b060-6c92bfa7379e_1a0cd3f0-ea12-4b00-9877-f2dcad983c89: <MilvusException: (code=1100, message=length of varchar field id exceeds max length, row number: 0, length: 73, max length: 64: invalid parameter)>
2026-02-10 10:08:31 | ERROR    | __main__:import_from_csv:120 | 导入失败 a839f079-961a-11ec-b060-6c92bfa7379e_29bcfb58-089b-46cb-978c-9d34250aeaa6: <MilvusException: (code=1100, message=length of varchar field id exceeds max length, row number: 0, length: 73, max length: 64: invalid parameter)>
2026-02-10 10:08:32 | ERROR    | __main__:import_from_csv:120 | 导入失败 a60235c0-961a-11ec-b060-6c92bfa7379e_201ea825-f727-4bcf-8a9d-62044b07eabe: <MilvusException: (code=1100, message=length of varchar field id exceeds max length, row number: 0, length: 73, max length: 64: invalid parameter)>
2026-02-10 10:08:32 | ERROR    | __main__:import_from_csv:120 | 导入失败 a8b0e542-961a-11ec-b060-6c92bfa7379e_08e6c920-8b87-49a6-b200-b0b7d6cd2c39: <MilvusException: (code=1100, message=length of varchar field id exceeds max length, row number: 0, length: 73, max length: 64: invalid parameter)>
2026-02-10 10:08:32 | ERROR    | __main__:import_from_csv:120 | 导入失败 a8b0e542-961a-11ec-b060-6c92bfa7379e_14f2ea0d-a42e-476d-84d8-4b99284f58c7: <MilvusException: (code=1100, message=length of varchar field id exceeds max length, row number: 0, length: 73, max length: 64: invalid parameter)>
2026-02-10 10:08:32 | ERROR    | __main__:import_from_csv:120 | 导入失败 a8b0e542-961a-11ec-b060-6c92bfa7379e_1fa7c356-42e4-43ec-b469-4de09a593426: <MilvusException: (code=1100, message=length of varchar field id exceeds max length, row number: 0, length: 73, max length: 64: invalid parameter)>
2026-02-10 10:08:33 | ERROR    | __main__:import_from_csv:120 | 导入失败 a8b0e542-961a-11ec-b060-6c92bfa7379e_2018519b-8c1c-4b12-9d45-b0921415e2f1: <MilvusException: (code=1100, message=length of varchar field id exceeds max length, row number: 0, length: 73, max length: 64: invalid parameter)>
2026-02-10 10:08:33 | ERROR    | __main__:import_from_csv:120 | 导入失败 a8b0e542-961a-11ec-b060-6c92bfa7379e_536eedf2-4e4b-46b0-a149-418b8e9d1c8a: <MilvusException: (code=1100, message=length of varchar field id exceeds max length, row number: 0, length: 73, max length: 64: invalid parameter)>
2026-02-10 10:08:33 | ERROR    | __main__:import_from_csv:120 | 导入失败 a8b0e542-961a-11ec-b060-6c92bfa7379e_554c51ad-5f12-4db4-b0eb-1a958c087568: <MilvusException: (code=1100, message=length of varchar field id exceeds max length, row number: 0, length: 73, max length: 64: invalid parameter)>
2026-02-10 10:08:33 | ERROR    | __main__:import_from_csv:120 | 导入失败 a8b0e542-961a-11ec-b060-6c92bfa7379e_5ad959ee-f288-41dc-96bb-cee608ac7dea: <MilvusException: (code=1100, message=length of varchar field id exceeds max length, row number: 0, length: 73, max length: 64: invalid parameter)>
2026-02-10 10:08:34 | ERROR    | __main__:import_from_csv:120 | 导入失败 a8b0e542-961a-11ec-b060-6c92bfa7379e_6744dd5e-04c2-4946-8dd8-272ee94029b3: <MilvusException: (code=1100, message=length of varchar field id exceeds max length, row number: 0, length: 73, max length: 64: invalid parameter)>
2026-02-10 10:08:34 | ERROR    | __main__:import_from_csv:120 | 导入失败 a8b0e542-961a-11ec-b060-6c92bfa7379e_6d4afca8-b861-4b7b-9aec-da474db1eb07: <MilvusException: (code=1100, message=length of varchar field id exceeds max length, row number: 0, length: 73, max length: 64: invalid parameter)>
2026-02-10 10:08:34 | ERROR    | __main__:import_from_csv:120 | 导入失败 a8b0e542-961a-11ec-b060-6c92bfa7379e_9b075c34-ec26-49a9-a334-80849848b54e: <MilvusException: (code=1100, message=length of varchar field id exceeds max length, row number: 0, length: 73, max length: 64: invalid parameter)>
2026-02-10 10:08:35 | ERROR    | __main__:import_from_csv:120 | 导入失败 a8b0e542-961a-11ec-b060-6c92bfa7379e_9f54271d-4ffe-4652-8975-015b0b73de48: <MilvusException: (code=1100, message=length of varchar field id exceeds max length, row number: 0, length: 73, max length: 64: invalid parameter)>
2026-02-10 10:08:35 | ERROR    | __main__:import_from_csv:120 | 导入失败 a8b0e542-961a-11ec-b060-6c92bfa7379e_b2527726-353b-4814-8eef-41ca81268bde: <MilvusException: (code=1100, message=length of varchar field id exceeds max length, row number: 0, length: 73, max length: 64: invalid parameter)>
2026-02-10 10:08:35 | ERROR    | __main__:import_from_csv:120 | 导入失败 b06e14dd-ede2-11ec-a971-6c92bfa7379e_08e6c920-8b87-49a6-b200-b0b7d6cd2c39: <MilvusException: (code=1100, message=length of varchar field id exceeds max length, row number: 0, length: 73, max length: 64: invalid parameter)>
2026-02-10 10:08:35 | ERROR    | __main__:import_from_csv:120 | 导入失败 b06e14dd-ede2-11ec-a971-6c92bfa7379e_14f2ea0d-a42e-476d-84d8-4b99284f58c7: <MilvusException: (code=1100, message=length of varchar field id exceeds max length, row number: 0, length: 73, max length: 64: invalid parameter)>
2026-02-10 10:08:36 | ERROR    | __main__:import_from_csv:120 | 导入失败 b06e14dd-ede2-11ec-a971-6c92bfa7379e_1fa7c356-42e4-43ec-b469-4de09a593426: <MilvusException: (code=1100, message=length of varchar field id exceeds max length, row number: 0, length: 73, max length: 64: invalid parameter)>
2026-02-10 10:08:36 | ERROR    | __main__:import_from_csv:120 | 导入失败 b06e14dd-ede2-11ec-a971-6c92bfa7379e_2018519b-8c1c-4b12-9d45-b0921415e2f1: <MilvusException: (code=1100, message=length of varchar field id exceeds max length, row number: 0, length: 73, max length: 64: invalid parameter)>
2026-02-10 10:08:36 | ERROR    | __main__:import_from_csv:120 | 导入失败 b06e14dd-ede2-11ec-a971-6c92bfa7379e_536eedf2-4e4b-46b0-a149-418b8e9d1c8a: <MilvusException: (code=1100, message=length of varchar field id exceeds max length, row number: 0, length: 73, max length: 64: invalid parameter)>
2026-02-10 10:08:36 | ERROR    | __main__:import_from_csv:120 | 导入失败 b06e14dd-ede2-11ec-a971-6c92bfa7379e_554c51ad-5f12-4db4-b0eb-1a958c087568: <MilvusException: (code=1100, message=length of varchar field id exceeds max length, row number: 0, length: 73, max length: 64: invalid parameter)>
2026-02-10 10:08:37 | ERROR    | __main__:import_from_csv:120 | 导入失败 b06e14dd-ede2-11ec-a971-6c92bfa7379e_5ad959ee-f288-41dc-96bb-cee608ac7dea: <MilvusException: (code=1100, message=length of varchar field id exceeds max length, row number: 0, length: 73, max length: 64: invalid parameter)>
2026-02-10 10:08:37 | ERROR    | __main__:import_from_csv:120 | 导入失败 b06e14dd-ede2-11ec-a971-6c92bfa7379e_6744dd5e-04c2-4946-8dd8-272ee94029b3: <MilvusException: (code=1100, message=length of varchar field id exceeds max length, row number: 0, length: 73, max length: 64: invalid parameter)>
2026-02-10 10:08:37 | ERROR    | __main__:import_from_csv:120 | 导入失败 b06e14dd-ede2-11ec-a971-6c92bfa7379e_6d4afca8-b861-4b7b-9aec-da474db1eb07: <MilvusException: (code=1100, message=length of varchar field id exceeds max length, row number: 0, length: 73, max length: 64: invalid parameter)>
2026-02-10 10:08:37 | ERROR    | __main__:import_from_csv:120 | 导入失败 b06e14dd-ede2-11ec-a971-6c92bfa7379e_9b075c34-ec26-49a9-a334-80849848b54e: <MilvusException: (code=1100, message=length of varchar field id exceeds max length, row number: 0, length: 73, max length: 64: invalid parameter)>
2026-02-10 10:08:38 | ERROR    | __main__:import_from_csv:120 | 导入失败 b06e14dd-ede2-11ec-a971-6c92bfa7379e_9f54271d-4ffe-4652-8975-015b0b73de48: <MilvusException: (code=1100, message=length of varchar field id exceeds max length, row number: 0, length: 73, max length: 64: invalid parameter)>
2026-02-10 10:08:38 | ERROR    | __main__:import_from_csv:120 | 导入失败 b06e14dd-ede2-11ec-a971-6c92bfa7379e_b2527726-353b-4814-8eef-41ca81268bde: <MilvusException: (code=1100, message=length of varchar field id exceeds max length, row number: 0, length: 73, max length: 64: invalid parameter)>
2026-02-10 10:08:38 | ERROR    | __main__:import_from_csv:120 | 导入失败 a8f5b54c-961a-11ec-b060-6c92bfa7379e_a3df1921-e15e-4b58-b4f1-b5e946f0f124: <MilvusException: (code=1100, message=length of varchar field id exceeds max length, row number: 0, length: 73, max length: 64: invalid parameter)>
2026-02-10 10:08:38 | ERROR    | __main__:import_from_csv:120 | 导入失败 a9c85a01-961a-11ec-b060-6c92bfa7379e_0195a549-2fa6-4a8f-b3d0-f129eeb0d61c: <MilvusException: (code=1100, message=length of varchar field id exceeds max length, row number: 0, length: 73, max length: 64: invalid parameter)>
2026-02-10 10:08:39 | ERROR    | __main__:import_from_csv:120 | 导入失败 a660d1ff-95d4-11ec-b060-6c92bfa7379e_62e357ad-806b-4425-ad7c-22830c0d7773: <MilvusException: (code=1100, message=length of varchar field id exceeds max length, row number: 0, length: 73, max length: 64: invalid parameter)>
2026-02-10 10:08:39 | ERROR    | __main__:import_from_csv:120 | 导入失败 a660d1ff-95d4-11ec-b060-6c92bfa7379e_996c510f-62f0-478c-bec1-c1f0c410d1ae: <MilvusException: (code=1100, message=length of varchar field id exceeds max length, row number: 0, length: 73, max length: 64: invalid parameter)>
2026-02-10 10:08:39 | ERROR    | __main__:import_from_csv:120 | 导入失败 a660d1ff-95d4-11ec-b060-6c92bfa7379e_ee3374c9-8d23-4a67-aef4-06468b0aea31: <MilvusException: (code=1100, message=length of varchar field id exceeds max length, row number: 0, length: 73, max length: 64: invalid parameter)>
2026-02-10 10:08:39 | ERROR    | __main__:import_from_csv:120 | 导入失败 a67096b7-961a-11ec-b060-6c92bfa7379e_283b8c0f-fe36-4a5d-998a-30ac99d4a102: <MilvusException: (code=1100, message=length of varchar field id exceeds max length, row number: 0, length: 73, max length: 64: invalid parameter)>
2026-02-10 10:08:40 | ERROR    | __main__:import_from_csv:120 | 导入失败 a67096b7-961a-11ec-b060-6c92bfa7379e_294742e4-1d91-4e8e-9c70-2aa0e5e98744: <MilvusException: (code=1100, message=length of varchar field id exceeds max length, row number: 0, length: 73, max length: 64: invalid parameter)>
2026-02-10 10:08:40 | ERROR    | __main__:import_from_csv:120 | 导入失败 a8f3763a-961a-11ec-b060-6c92bfa7379e_ca1a93e4-962c-4b44-b82c-cd6024b0cc92: <MilvusException: (code=1100, message=length of varchar field id exceeds max length, row number: 0, length: 73, max length: 64: invalid parameter)>
2026-02-10 10:08:40 | ERROR    | __main__:import_from_csv:120 | 导入失败 a68f9f9d-95d4-11ec-b060-6c92bfa7379e_0addfaef-16c7-4ddd-9c04-a018daee4296: <MilvusException: (code=1100, message=length of varchar field id exceeds max length, row number: 0, length: 73, max length: 64: invalid parameter)>
2026-02-10 10:08:40 | ERROR    | __main__:import_from_csv:120 | 导入失败 a68f9f9d-95d4-11ec-b060-6c92bfa7379e_4fc2add7-b120-4199-99eb-23cc211033f9: <MilvusException: (code=1100, message=length of varchar field id exceeds max length, row number: 0, length: 73, max length: 64: invalid parameter)>
2026-02-10 10:08:41 | ERROR    | __main__:import_from_csv:120 | 导入失败 a68f9f9d-95d4-11ec-b060-6c92bfa7379e_ad369cb4-e408-40e9-b603-9dc48f26a746: <MilvusException: (code=1100, message=length of varchar field id exceeds max length, row number: 0, length: 73, max length: 64: invalid parameter)>
2026-02-10 10:08:41 | ERROR    | __main__:import_from_csv:120 | 导入失败 a68f9f9d-95d4-11ec-b060-6c92bfa7379e_f2af071e-f251-49b9-996d-12957fa49bf9: <MilvusException: (code=1100, message=length of varchar field id exceeds max length, row number: 0, length: 73, max length: 64: invalid parameter)>
2026-02-10 10:08:41 | ERROR    | __main__:import_from_csv:120 | 导入失败 a6be3e98-95d4-11ec-b060-6c92bfa7379e_23003f74-9a1c-4f68-abfb-750487338271: <MilvusException: (code=1100, message=length of varchar field id exceeds max length, row number: 0, length: 73, max length: 64: invalid parameter)>
2026-02-10 10:08:41 | ERROR    | __main__:import_from_csv:120 | 导入失败 a848e151-961a-11ec-b060-6c92bfa7379e_2d8e176f-ff83-45dc-84f9-a694077ced76: <MilvusException: (code=1100, message=length of varchar field id exceeds max length, row number: 0, length: 73, max length: 64: invalid parameter)>
2026-02-10 10:08:42 | ERROR    | __main__:import_from_csv:120 | 导入失败 a848e151-961a-11ec-b060-6c92bfa7379e_3748b4e5-7e09-421d-a6ba-d0716d39ebf3: <MilvusException: (code=1100, message=length of varchar field id exceeds max length, row number: 0, length: 73, max length: 64: invalid parameter)>
2026-02-10 10:08:42 | ERROR    | __main__:import_from_csv:120 | 导入失败 a848e151-961a-11ec-b060-6c92bfa7379e_5718e964-03cf-4b8b-b9b7-14a7d9dd21d0: <MilvusException: (code=1100, message=length of varchar field id exceeds max length, row number: 0, length: 73, max length: 64: invalid parameter)>
2026-02-10 10:08:42 | ERROR    | __main__:import_from_csv:120 | 导入失败 a68d1aeb-95d4-11ec-b060-6c92bfa7379e_034a6ab0-7544-4e0d-ac48-4d022f2477e7: <MilvusException: (code=1100, message=length of varchar field id exceeds max length, row number: 0, length: 73, max length: 64: invalid parameter)>
2026-02-10 10:08:43 | ERROR    | __main__:import_from_csv:120 | 导入失败 a68d1aeb-95d4-11ec-b060-6c92bfa7379e_03b66c20-82f0-4177-8df6-5ecff8e511a6: <MilvusException: (code=1100, message=length of varchar field id exceeds max length, row number: 0, length: 73, max length: 64: invalid parameter)>
2026-02-10 10:08:43 | ERROR    | __main__:import_from_csv:120 | 导入失败 a68d1aeb-95d4-11ec-b060-6c92bfa7379e_05f71a22-e05a-4a7e-bfa5-85ce16c1a026: <MilvusException: (code=1100, message=length of varchar field id exceeds max length, row number: 0, length: 73, max length: 64: invalid parameter)>
2026-02-10 10:08:43 | ERROR    | __main__:import_from_csv:120 | 导入失败 a68d1aeb-95d4-11ec-b060-6c92bfa7379e_977608d9-1f6c-4555-a55d-a05beabfbd2e: <MilvusException: (code=1100, message=length of varchar field id exceeds max length, row number: 0, length: 73, max length: 64: invalid parameter)>
2026-02-10 10:08:43 | ERROR    | __main__:import_from_csv:120 | 导入失败 a68d1aeb-95d4-11ec-b060-6c92bfa7379e_98890cc0-a453-4a12-ae47-1aaecc985b17: <MilvusException: (code=1100, message=length of varchar field id exceeds max length, row number: 0, length: 73, max length: 64: invalid parameter)>
2026-02-10 10:08:44 | ERROR    | __main__:import_from_csv:120 | 导入失败 a68d1aeb-95d4-11ec-b060-6c92bfa7379e_a97ac316-a1c9-4eb5-888d-5490fb152d09: <MilvusException: (code=1100, message=length of varchar field id exceeds max length, row number: 0, length: 73, max length: 64: invalid parameter)>
2026-02-10 10:08:44 | ERROR    | __main__:import_from_csv:120 | 导入失败 a68d1aeb-95d4-11ec-b060-6c92bfa7379e_d72212d2-030f-467f-b42f-131635bb2239: <MilvusException: (code=1100, message=length of varchar field id exceeds max length, row number: 0, length: 73, max length: 64: invalid parameter)>
2026-02-10 10:08:44 | ERROR    | __main__:import_from_csv:120 | 导入失败 a67140cd-95d4-11ec-b060-6c92bfa7379e_cd0b8527-ce05-419b-beec-135345e90efa: <MilvusException: (code=1100, message=length of varchar field id exceeds max length, row number: 0, length: 73, max length: 64: invalid parameter)>
2026-02-10 10:08:44 | ERROR    | __main__:import_from_csv:120 | 导入失败 a605a8eb-961a-11ec-b060-6c92bfa7379e_b0f30d12-ace2-48ec-969e-d6e2580444fe: <MilvusException: (code=1100, message=length of varchar field id exceeds max length, row number: 0, length: 73, max length: 64: invalid parameter)>
2026-02-10 10:08:45 | ERROR    | __main__:import_from_csv:120 | 导入失败 a64984d6-961a-11ec-b060-6c92bfa7379e_12b18c58-59e1-40a1-8f2d-542e5472c53d: <MilvusException: (code=1100, message=length of varchar field id exceeds max length, row number: 0, length: 73, max length: 64: invalid parameter)>
2026-02-10 10:08:45 | ERROR    | __main__:import_from_csv:120 | 导入失败 a81b85e5-961a-11ec-b060-6c92bfa7379e_097597a2-aa0c-4918-a2e7-7497ff3f73be: <MilvusException: (code=1100, message=length of varchar field id exceeds max length, row number: 0, length: 73, max length: 64: invalid parameter)>
2026-02-10 10:08:45 | ERROR    | __main__:import_from_csv:120 | 导入失败 a6d01faf-95d4-11ec-b060-6c92bfa7379e_b3358acd-391e-44e9-ad29-31ab63b5aa98: <MilvusException: (code=1100, message=length of varchar field id exceeds max length, row number: 0, length: 73, max length: 64: invalid parameter)>
2026-02-10 10:08:45 | ERROR    | __main__:import_from_csv:120 | 导入失败 a696df33-95d4-11ec-b060-6c92bfa7379e_07e38784-2fd1-47c3-be3f-90f11a40f50a: <MilvusException: (code=1100, message=length of varchar field id exceeds max length, row number: 0, length: 73, max length: 64: invalid parameter)>
2026-02-10 10:08:46 | ERROR    | __main__:import_from_csv:120 | 导入失败 a696df33-95d4-11ec-b060-6c92bfa7379e_25edbcbf-ff5c-4c0d-a71f-abe8e3da0068: <MilvusException: (code=1100, message=length of varchar field id exceeds max length, row number: 0, length: 73, max length: 64: invalid parameter)>
2026-02-10 10:08:46 | ERROR    | __main__:import_from_csv:120 | 导入失败 a696df33-95d4-11ec-b060-6c92bfa7379e_2debc1fe-366c-45dd-812b-1b8d883a0dd1: <MilvusException: (code=1100, message=length of varchar field id exceeds max length, row number: 0, length: 73, max length: 64: invalid parameter)>
2026-02-10 10:08:46 | ERROR    | __main__:import_from_csv:120 | 导入失败 a696df33-95d4-11ec-b060-6c92bfa7379e_3f92356a-bdce-4f5b-81c6-10267dbd44a1: <MilvusException: (code=1100, message=length of varchar field id exceeds max length, row number: 0, length: 73, max length: 64: invalid parameter)>
2026-02-10 10:08:46 | ERROR    | __main__:import_from_csv:120 | 导入失败 a696df33-95d4-11ec-b060-6c92bfa7379e_47563816-f4a7-4328-aa6b-6c2747b089a9: <MilvusException: (code=1100, message=length of varchar field id exceeds max length, row number: 0, length: 73, max length: 64: invalid parameter)>
2026-02-10 10:08:47 | ERROR    | __main__:import_from_csv:120 | 导入失败 a54e2b60-961a-11ec-b060-6c92bfa7379e_6d251821-bf20-4225-a476-288bcef126c7: <MilvusException: (code=1100, message=length of varchar field id exceeds max length, row number: 0, length: 73, max length: 64: invalid parameter)>
2026-02-10 10:08:47 | ERROR    | __main__:import_from_csv:120 | 导入失败 a69b9ebb-95d4-11ec-b060-6c92bfa7379e_1ab305d6-a1ce-45b3-8981-82532b8f51c1: <MilvusException: (code=1100, message=length of varchar field id exceeds max length, row number: 0, length: 73, max length: 64: invalid parameter)>
2026-02-10 10:08:47 | ERROR    | __main__:import_from_csv:120 | 导入失败 a655c03c-95d4-11ec-b060-6c92bfa7379e_54e7c613-f37b-4b84-adfa-7d08ba608e36: <MilvusException: (code=1100, message=length of varchar field id exceeds max length, row number: 0, length: 73, max length: 64: invalid parameter)>
2026-02-10 10:08:48 | ERROR    | __main__:import_from_csv:120 | 导入失败 a655c03c-95d4-11ec-b060-6c92bfa7379e_cce033ed-de70-40e8-978d-10b754cce339: <MilvusException: (code=1100, message=length of varchar field id exceeds max length, row number: 0, length: 73, max length: 64: invalid parameter)>
2026-02-10 10:08:48 | ERROR    | __main__:import_from_csv:120 | 导入失败 a655c03c-95d4-11ec-b060-6c92bfa7379e_f10e226c-8461-4f1a-aaf8-b765d5b85c41: <MilvusException: (code=1100, message=length of varchar field id exceeds max length, row number: 0, length: 73, max length: 64: invalid parameter)>
2026-02-10 10:08:48 | ERROR    | __main__:import_from_csv:120 | 导入失败 a4cf2a35-961a-11ec-b060-6c92bfa7379e_27e7aed1-92b4-4fbd-aa7a-6bd120e83470: <MilvusException: (code=1100, message=length of varchar field id exceeds max length, row number: 0, length: 73, max length: 64: invalid parameter)>
2026-02-10 10:08:48 | ERROR    | __main__:import_from_csv:120 | 导入失败 a4e9051e-961a-11ec-b060-6c92bfa7379e_54b1bb17-0324-453e-ac44-eb26dfd9b1c6: <MilvusException: (code=1100, message=length of varchar field id exceeds max length, row number: 0, length: 73, max length: 64: invalid parameter)>
2026-02-10 10:08:49 | ERROR    | __main__:import_from_csv:120 | 导入失败 a4e9051e-961a-11ec-b060-6c92bfa7379e_d9e516bd-8f21-4b69-a659-97749ce6d5f1: <MilvusException: (code=1100, message=length of varchar field id exceeds max length, row number: 0, length: 73, max length: 64: invalid parameter)>
2026-02-10 10:08:49 | ERROR    | __main__:import_from_csv:120 | 导入失败 a6d217f8-961a-11ec-b060-6c92bfa7379e_2d3d16c1-30ca-4fa3-8378-649e18e84f51: <MilvusException: (code=1100, message=length of varchar field id exceeds max length, row number: 0, length: 73, max length: 64: invalid parameter)>
2026-02-10 10:08:49 | ERROR    | __main__:import_from_csv:120 | 导入失败 a63838e0-961a-11ec-b060-6c92bfa7379e_11636615-6363-4b97-9e46-c8247a9167c3: <MilvusException: (code=1100, message=length of varchar field id exceeds max length, row number: 0, length: 73, max length: 64: invalid parameter)>
2026-02-10 10:08:49 | ERROR    | __main__:import_from_csv:120 | 导入失败 a63838e0-961a-11ec-b060-6c92bfa7379e_97e2c4eb-4ad2-4dc0-abeb-2fc7a8a1edb7: <MilvusException: (code=1100, message=length of varchar field id exceeds max length, row number: 0, length: 73, max length: 64: invalid parameter)>
2026-02-10 10:08:50 | ERROR    | __main__:import_from_csv:120 | 导入失败 a84e2350-961a-11ec-b060-6c92bfa7379e_6671bafa-ef6d-41dc-ab89-bd2b7efaf24b: <MilvusException: (code=1100, message=length of varchar field id exceeds max length, row number: 0, length: 73, max length: 64: invalid parameter)>
2026-02-10 10:08:50 | ERROR    | __main__:import_from_csv:120 | 导入失败 a84e2350-961a-11ec-b060-6c92bfa7379e_f4dcbd48-3a57-4e23-b924-bee9b10f9b07: <MilvusException: (code=1100, message=length of varchar field id exceeds max length, row number: 0, length: 73, max length: 64: invalid parameter)>
2026-02-10 10:08:50 | ERROR    | __main__:import_from_csv:120 | 导入失败 a67b6b9f-95d4-11ec-b060-6c92bfa7379e_689bce39-e53c-445b-8ac4-6f4cfa5cfb8d: <MilvusException: (code=1100, message=length of varchar field id exceeds max length, row number: 0, length: 73, max length: 64: invalid parameter)>
2026-02-10 10:08:50 | ERROR    | __main__:import_from_csv:120 | 导入失败 a8514eb1-961a-11ec-b060-6c92bfa7379e_05f7435d-bc9f-48ef-854f-26cb02f7050b: <MilvusException: (code=1100, message=length of varchar field id exceeds max length, row number: 0, length: 73, max length: 64: invalid parameter)>
2026-02-10 10:08:51 | ERROR    | __main__:import_from_csv:120 | 导入失败 a8514eb1-961a-11ec-b060-6c92bfa7379e_a079c693-6c42-42c8-9333-7af436a1d4ad: <MilvusException: (code=1100, message=length of varchar field id exceeds max length, row number: 0, length: 73, max length: 64: invalid parameter)>
2026-02-10 10:08:51 | ERROR    | __main__:import_from_csv:120 | 导入失败 a680bfb0-95d4-11ec-b060-6c92bfa7379e_1892835a-0c7a-4399-8c62-79c186405740: <MilvusException: (code=1100, message=length of varchar field id exceeds max length, row number: 0, length: 73, max length: 64: invalid parameter)>
2026-02-10 10:08:51 | ERROR    | __main__:import_from_csv:120 | 导入失败 a66ccaff-95d4-11ec-b060-6c92bfa7379e_6469bfa6-90ac-472f-a59c-4c4423aea5ee: <MilvusException: (code=1100, message=length of varchar field id exceeds max length, row number: 0, length: 73, max length: 64: invalid parameter)>
2026-02-10 10:08:51 | ERROR    | __main__:import_from_csv:120 | 导入失败 a79131aa-961a-11ec-b060-6c92bfa7379e_346146b0-456d-4224-86e5-03227eaefa0a: <MilvusException: (code=1100, message=length of varchar field id exceeds max length, row number: 0, length: 73, max length: 64: invalid parameter)>
2026-02-10 10:08:52 | ERROR    | __main__:import_from_csv:120 | 导入失败 a9a2a175-961a-11ec-b060-6c92bfa7379e_657c7b2b-2671-49df-a762-04a5e3ada87f: <MilvusException: (code=1100, message=length of varchar field id exceeds max length, row number: 0, length: 73, max length: 64: invalid parameter)>
2026-02-10 10:08:52 | ERROR    | __main__:import_from_csv:120 | 导入失败 a4cb78e2-961a-11ec-b060-6c92bfa7379e_260df5d6-7f52-4b68-8dcd-b1d79e406896: <MilvusException: (code=1100, message=length of varchar field id exceeds max length, row number: 0, length: 73, max length: 64: invalid parameter)>
2026-02-10 10:08:52 | ERROR    | __main__:import_from_csv:120 | 导入失败 a6b0e9ad-95d4-11ec-b060-6c92bfa7379e_6173401b-7386-419d-9fff-471fcb27ad64: <MilvusException: (code=1100, message=length of varchar field id exceeds max length, row number: 0, length: 73, max length: 64: invalid parameter)>
2026-02-10 10:08:52 | ERROR    | __main__:import_from_csv:120 | 导入失败 a6b0e9ad-95d4-11ec-b060-6c92bfa7379e_fce72dfb-e020-45dd-a154-8065c972b3f1: <MilvusException: (code=1100, message=length of varchar field id exceeds max length, row number: 0, length: 73, max length: 64: invalid parameter)>
2026-02-10 10:08:53 | ERROR    | __main__:import_from_csv:120 | 导入失败 a8ee5ca3-961a-11ec-b060-6c92bfa7379e_68e39a93-aabc-4492-8ff6-029444bf3744: <MilvusException: (code=1100, message=length of varchar field id exceeds max length, row number: 0, length: 73, max length: 64: invalid parameter)>
2026-02-10 10:08:53 | ERROR    | __main__:import_from_csv:120 | 导入失败 a668f8a7-95d4-11ec-b060-6c92bfa7379e_0a50f917-9738-42f3-a956-70a4ae6c115d: <MilvusException: (code=1100, message=length of varchar field id exceeds max length, row number: 0, length: 73, max length: 64: invalid parameter)>
2026-02-10 10:08:53 | ERROR    | __main__:import_from_csv:120 | 导入失败 a668f8a7-95d4-11ec-b060-6c92bfa7379e_2860e407-f413-4d09-8eb9-487ab4ec2f47: <MilvusException: (code=1100, message=length of varchar field id exceeds max length, row number: 0, length: 73, max length: 64: invalid parameter)>
2026-02-10 10:08:54 | ERROR    | __main__:import_from_csv:120 | 导入失败 a668f8a7-95d4-11ec-b060-6c92bfa7379e_a2ffd603-a205-4648-9193-f0b0ce4a6075: <MilvusException: (code=1100, message=length of varchar field id exceeds max length, row number: 0, length: 73, max length: 64: invalid parameter)>
2026-02-10 10:08:54 | ERROR    | __main__:import_from_csv:120 | 导入失败 a68597b0-961a-11ec-b060-6c92bfa7379e_2372f026-1998-42f9-b98b-a56d02e0bb7f: <MilvusException: (code=1100, message=length of varchar field id exceeds max length, row number: 0, length: 73, max length: 64: invalid parameter)>
2026-02-10 10:08:54 | ERROR    | __main__:import_from_csv:120 | 导入失败 a68597b0-961a-11ec-b060-6c92bfa7379e_4ac45998-074e-4626-aef2-cca4da6e6420: <MilvusException: (code=1100, message=length of varchar field id exceeds max length, row number: 0, length: 73, max length: 64: invalid parameter)>
2026-02-10 10:08:54 | ERROR    | __main__:import_from_csv:120 | 导入失败 a63596f5-961a-11ec-b060-6c92bfa7379e_29264369-1d79-4743-b2ff-9b95c20d3b84: <MilvusException: (code=1100, message=length of varchar field id exceeds max length, row number: 0, length: 73, max length: 64: invalid parameter)>
2026-02-10 10:08:55 | ERROR    | __main__:import_from_csv:120 | 导入失败 a63596f5-961a-11ec-b060-6c92bfa7379e_33bdde5b-24ca-4da5-98ee-bfae751a918c: <MilvusException: (code=1100, message=length of varchar field id exceeds max length, row number: 0, length: 73, max length: 64: invalid parameter)>
2026-02-10 10:08:55 | ERROR    | __main__:import_from_csv:120 | 导入失败 a63596f5-961a-11ec-b060-6c92bfa7379e_53deed1a-0271-41e2-b090-7355092127ef: <MilvusException: (code=1100, message=length of varchar field id exceeds max length, row number: 0, length: 73, max length: 64: invalid parameter)>
2026-02-10 10:08:55 | ERROR    | __main__:import_from_csv:120 | 导入失败 a63596f5-961a-11ec-b060-6c92bfa7379e_55e27a20-228f-467d-8188-a531a7f42e8e: <MilvusException: (code=1100, message=length of varchar field id exceeds max length, row number: 0, length: 73, max length: 64: invalid parameter)>
2026-02-10 10:08:55 | ERROR    | __main__:import_from_csv:120 | 导入失败 a63596f5-961a-11ec-b060-6c92bfa7379e_5a31b900-89fd-49b3-aa3e-c33ba4575c66: <MilvusException: (code=1100, message=length of varchar field id exceeds max length, row number: 0, length: 73, max length: 64: invalid parameter)>
2026-02-10 10:08:56 | ERROR    | __main__:import_from_csv:120 | 导入失败 a63596f5-961a-11ec-b060-6c92bfa7379e_5c39356b-6e55-41c9-8dc5-21686136b991: <MilvusException: (code=1100, message=length of varchar field id exceeds max length, row number: 0, length: 73, max length: 64: invalid parameter)>
2026-02-10 10:08:56 | ERROR    | __main__:import_from_csv:120 | 导入失败 a63596f5-961a-11ec-b060-6c92bfa7379e_649318f6-3801-4186-8c32-f5dfdf80eb24: <MilvusException: (code=1100, message=length of varchar field id exceeds max length, row number: 0, length: 73, max length: 64: invalid parameter)>
2026-02-10 10:08:56 | ERROR    | __main__:import_from_csv:120 | 导入失败 a608b376-961a-11ec-b060-6c92bfa7379e_6e6fe984-93d6-4201-b9f3-236ef0ae5680: <MilvusException: (code=1100, message=length of varchar field id exceeds max length, row number: 0, length: 73, max length: 64: invalid parameter)>
2026-02-10 10:08:57 | ERROR    | __main__:import_from_csv:120 | 导入失败 a91fd67f-961a-11ec-b060-6c92bfa7379e_b578cd53-9d9a-4772-adaf-5e8471fb4c3c: <MilvusException: (code=1100, message=length of varchar field id exceeds max length, row number: 0, length: 73, max length: 64: invalid parameter)>
2026-02-10 10:08:57 | ERROR    | __main__:import_from_csv:120 | 导入失败 a633aa04-961a-11ec-b060-6c92bfa7379e_0de48d48-9257-4006-8dda-1be21b0403d4: <MilvusException: (code=1100, message=length of varchar field id exceeds max length, row number: 0, length: 73, max length: 64: invalid parameter)>
2026-02-10 10:08:57 | ERROR    | __main__:import_from_csv:120 | 导入失败 a633aa04-961a-11ec-b060-6c92bfa7379e_a47927a0-bd21-4b2c-8e4c-1d19481dbb8c: <MilvusException: (code=1100, message=length of varchar field id exceeds max length, row number: 0, length: 73, max length: 64: invalid parameter)>
2026-02-10 10:08:57 | ERROR    | __main__:import_from_csv:120 | 导入失败 a4ab4e4c-961a-11ec-b060-6c92bfa7379e_592a2dbc-ebcc-4222-8b98-d695aba767fe: <MilvusException: (code=1100, message=length of varchar field id exceeds max length, row number: 0, length: 73, max length: 64: invalid parameter)>
2026-02-10 10:08:58 | ERROR    | __main__:import_from_csv:120 | 导入失败 a4ab4e4c-961a-11ec-b060-6c92bfa7379e_61ba5c0e-2d50-4c64-b4c4-664e3ad99812: <MilvusException: (code=1100, message=length of varchar field id exceeds max length, row number: 0, length: 73, max length: 64: invalid parameter)>
2026-02-10 10:08:58 | ERROR    | __main__:import_from_csv:120 | 导入失败 a6c3d3fa-95d4-11ec-b060-6c92bfa7379e_d436f9f8-00b3-4cbc-9ab3-eba26ccedc2d: <MilvusException: (code=1100, message=length of varchar field id exceeds max length, row number: 0, length: 73, max length: 64: invalid parameter)>
2026-02-10 10:08:58 | ERROR    | __main__:import_from_csv:120 | 导入失败 a650cf3e-961a-11ec-b060-6c92bfa7379e_5cad1408-6eae-4fdd-8b80-06e1eec6ee4e: <MilvusException: (code=1100, message=length of varchar field id exceeds max length, row number: 0, length: 73, max length: 64: invalid parameter)>
2026-02-10 10:08:58 | ERROR    | __main__:import_from_csv:120 | 导入失败 a650cf3e-961a-11ec-b060-6c92bfa7379e_98482ffa-cfe2-45a9-a90b-f69e57eb456a: <MilvusException: (code=1100, message=length of varchar field id exceeds max length, row number: 0, length: 73, max length: 64: invalid parameter)>
2026-02-10 10:28:16 | INFO     | api.main:lifespan:14 | Shutting down Intelligent Matching Engine API...
2026-02-10 10:28:20 | INFO     | api.main:lifespan:12 | Starting Intelligent Matching Engine API...
2026-02-10 10:30:37 | INFO     | api.core.milvus_client:connect:40 | Connected to Milvus at 192.168.15.111:19530
2026-02-10 10:30:39 | INFO     | api.core.milvus_client:get_or_create_collection:100 | Created collection: ime_tec
2026-02-10 10:30:42 | INFO     | api.core.milvus_client:insert:130 | Inserted document a5765c48-961a-11ec-b060-6c92bfa7379e_ca13e626-2014-4482-8d85-b6192e7b7bb2 into tec
2026-02-10 10:30:50 | INFO     | api.core.milvus_client:insert:130 | Inserted document a4cfba6d-961a-11ec-b060-6c92bfa7379e_51b59e4b-3905-4849-be5b-691e6b72e766 into tec
2026-02-10 10:31:01 | INFO     | api.core.milvus_client:insert:130 | Inserted document a4cfba6d-961a-11ec-b060-6c92bfa7379e_9defff8f-94a2-4347-8244-584e75000e55 into tec
2026-02-10 10:31:12 | INFO     | api.core.milvus_client:insert:130 | Inserted document a4bc84e0-961a-11ec-b060-6c92bfa7379e_fbb6e258-8987-4125-a63a-8ec61fc34939 into tec
2026-02-10 10:31:23 | INFO     | api.core.milvus_client:insert:130 | Inserted document a693262f-95d4-11ec-b060-6c92bfa7379e_bd61e68c-e52c-410c-a0f3-8ef3b9f4bfd7 into tec
2026-02-10 10:31:34 | INFO     | api.core.milvus_client:insert:130 | Inserted document a662cbae-95d4-11ec-b060-6c92bfa7379e_04e7a07f-550a-4453-9ec6-32b1ab46c7e6 into tec
2026-02-10 10:31:45 | INFO     | api.core.milvus_client:insert:130 | Inserted document a662cbae-95d4-11ec-b060-6c92bfa7379e_65b3c30e-84b6-4f3a-9742-7879ceab3c71 into tec
2026-02-10 10:31:56 | INFO     | api.core.milvus_client:insert:130 | Inserted document a662cbae-95d4-11ec-b060-6c92bfa7379e_65cef502-afdd-4bfa-bb3e-37ab388487bc into tec
2026-02-10 10:32:07 | INFO     | api.core.milvus_client:insert:130 | Inserted document a662cbae-95d4-11ec-b060-6c92bfa7379e_cc5d7a88-9365-497a-a7ec-c9a375a28b59 into tec
2026-02-10 10:32:18 | INFO     | api.core.milvus_client:insert:130 | Inserted document a61f29ef-961a-11ec-b060-6c92bfa7379e_40ffdb0b-ff43-4736-9f5f-78ed778002d1 into tec
2026-02-10 10:32:29 | INFO     | api.core.milvus_client:insert:130 | Inserted document a650caaf-95d4-11ec-b060-6c92bfa7379e_0a7161fc-4451-4854-ad2f-c18a49d2e748 into tec
2026-02-10 10:32:39 | INFO     | api.core.milvus_client:insert:130 | Inserted document a650caaf-95d4-11ec-b060-6c92bfa7379e_6a0f1cb1-7478-4103-8486-2ca9a3a7f979 into tec
2026-02-10 10:32:50 | INFO     | api.core.milvus_client:insert:130 | Inserted document a650caaf-95d4-11ec-b060-6c92bfa7379e_afe71d6e-9688-4dcd-a4ea-afdf42558a25 into tec
2026-02-10 10:33:01 | INFO     | api.core.milvus_client:insert:130 | Inserted document a6407798-961a-11ec-b060-6c92bfa7379e_2e231208-a529-4dd4-849d-c3b61c480c10 into tec
2026-02-10 10:33:12 | INFO     | api.core.milvus_client:insert:130 | Inserted document a817b5a3-961a-11ec-b060-6c92bfa7379e_bf5b3e0e-ac92-4a87-8de3-0e70e146b1f6 into tec
2026-02-10 10:33:23 | INFO     | api.core.milvus_client:insert:130 | Inserted document a66e4cab-95d4-11ec-b060-6c92bfa7379e_217b2fb9-364b-4e20-af6b-242144ea4527 into tec
2026-02-10 10:33:34 | INFO     | api.core.milvus_client:insert:130 | Inserted document a66e4cab-95d4-11ec-b060-6c92bfa7379e_28e12d46-60ac-4c11-a2f1-61a5e14ba81d into tec
2026-02-10 10:33:45 | INFO     | api.core.milvus_client:insert:130 | Inserted document a66e4cab-95d4-11ec-b060-6c92bfa7379e_ab933196-bbe8-418d-b34e-04133c374cee into tec
2026-02-10 10:33:57 | INFO     | api.core.milvus_client:insert:130 | Inserted document a696281d-95d4-11ec-b060-6c92bfa7379e_160e3ba6-22b0-4941-b2ee-558deec5e624 into tec
2026-02-10 10:34:08 | INFO     | api.core.milvus_client:insert:130 | Inserted document a696281d-95d4-11ec-b060-6c92bfa7379e_17f02045-7489-4074-8567-3ce073d78cb7 into tec
2026-02-10 10:34:19 | INFO     | api.core.milvus_client:insert:130 | Inserted document a696281d-95d4-11ec-b060-6c92bfa7379e_5c401e36-ace5-4541-8ac9-7e88e6b2be55 into tec
2026-02-10 10:34:30 | INFO     | api.core.milvus_client:insert:130 | Inserted document a696281d-95d4-11ec-b060-6c92bfa7379e_5fa7104d-1305-43f9-aeac-f4714214bea4 into tec
2026-02-10 10:34:41 | INFO     | api.core.milvus_client:insert:130 | Inserted document a6ccba4b-95d4-11ec-b060-6c92bfa7379e_c3de55c8-2e04-40f8-adc8-dff99efdd99a into tec
2026-02-10 10:34:52 | INFO     | api.core.milvus_client:insert:130 | Inserted document a4b83e75-961a-11ec-b060-6c92bfa7379e_3d9c6beb-ef6b-4527-9a39-2c4d199a6038 into tec
2026-02-10 10:35:02 | INFO     | api.core.milvus_client:insert:130 | Inserted document a4b83e75-961a-11ec-b060-6c92bfa7379e_e4b59168-5277-4ca0-8273-e837bbd5d2da into tec
2026-02-10 10:35:13 | INFO     | api.core.milvus_client:insert:130 | Inserted document a8451a2f-961a-11ec-b060-6c92bfa7379e_9b89957c-baf7-4731-a0bf-ff98fa93ef1c into tec
2026-02-10 10:35:24 | INFO     | api.core.milvus_client:insert:130 | Inserted document a6ad9cb2-95d4-11ec-b060-6c92bfa7379e_d353161f-b298-45e5-82f9-59bd5cc1b688 into tec
2026-02-10 10:35:35 | INFO     | api.core.milvus_client:insert:130 | Inserted document a6ad9cb2-95d4-11ec-b060-6c92bfa7379e_e2dfaba4-179f-4987-966c-c3f1d39729bd into tec
2026-02-10 10:35:46 | INFO     | api.core.milvus_client:insert:130 | Inserted document a81b49c1-961a-11ec-b060-6c92bfa7379e_1035eaaf-c69d-411b-b4f7-5a7281542221 into tec
2026-02-10 10:35:57 | INFO     | api.core.milvus_client:insert:130 | Inserted document a81b49c1-961a-11ec-b060-6c92bfa7379e_2592ec22-49cd-42ce-b6f4-6bc71a5846a1 into tec
2026-02-10 10:36:07 | INFO     | api.core.milvus_client:insert:130 | Inserted document a81b49c1-961a-11ec-b060-6c92bfa7379e_3052e1da-1733-48a8-a72a-fcba16294cc9 into tec
2026-02-10 10:36:19 | INFO     | api.core.milvus_client:insert:130 | Inserted document a81b49c1-961a-11ec-b060-6c92bfa7379e_64d2c1e0-b645-48ed-bf5f-d91100e8ac71 into tec
2026-02-10 10:36:30 | INFO     | api.core.milvus_client:insert:130 | Inserted document a81b49c1-961a-11ec-b060-6c92bfa7379e_6d5b1711-085a-4da2-af8b-2fbd4d0ffbb7 into tec
2026-02-10 10:36:41 | INFO     | api.core.milvus_client:insert:130 | Inserted document a81b49c1-961a-11ec-b060-6c92bfa7379e_a473362d-11ea-4364-856f-318bf4078ea0 into tec
2026-02-10 10:36:52 | INFO     | api.core.milvus_client:insert:130 | Inserted document a81b49c1-961a-11ec-b060-6c92bfa7379e_a55a68fa-c525-4842-8490-40d61e7f2a5e into tec
2026-02-10 10:37:02 | INFO     | api.core.milvus_client:insert:130 | Inserted document a81b49c1-961a-11ec-b060-6c92bfa7379e_a8d20e39-a814-433a-809c-496e1df3a9ee into tec
2026-02-10 10:37:13 | INFO     | api.core.milvus_client:insert:130 | Inserted document a81b49c1-961a-11ec-b060-6c92bfa7379e_adc546d4-b976-46d7-af5b-2ac3f4e7acc5 into tec
2026-02-10 10:37:23 | INFO     | api.core.milvus_client:insert:130 | Inserted document a81b49c1-961a-11ec-b060-6c92bfa7379e_f60470b8-12fc-4ed2-866e-5e2f6b8eda4d into tec
2026-02-10 10:37:34 | INFO     | api.core.milvus_client:insert:130 | Inserted document a81b49c1-961a-11ec-b060-6c92bfa7379e_fd4a61a2-e497-4f65-9afd-81a421e0095f into tec
2026-02-10 10:37:45 | INFO     | api.core.milvus_client:insert:130 | Inserted document a5742dd6-961a-11ec-b060-6c92bfa7379e_cf281a13-c4e1-4aba-a6ec-e9f4e64d99c2 into tec
2026-02-10 10:37:57 | INFO     | api.core.milvus_client:insert:130 | Inserted document a697fee1-961a-11ec-b060-6c92bfa7379e_d65b794c-48e1-456d-98c5-ba0cf2fa8020 into tec
2026-02-10 10:38:08 | INFO     | api.core.milvus_client:insert:130 | Inserted document a5e60d32-961a-11ec-b060-6c92bfa7379e_07a5130b-2dbc-45fd-85ee-9b996d0b5a20 into tec
2026-02-10 10:38:18 | INFO     | api.core.milvus_client:insert:130 | Inserted document a5e60d32-961a-11ec-b060-6c92bfa7379e_3ec3b01b-7ef5-4c3e-868e-8da4201b4586 into tec
2026-02-10 10:38:29 | INFO     | api.core.milvus_client:insert:130 | Inserted document a6b8a6cb-95d4-11ec-b060-6c92bfa7379e_24b6e146-acb1-4f13-bf73-4d497b365210 into tec
2026-02-10 10:38:40 | INFO     | api.core.milvus_client:insert:130 | Inserted document a6b8a6cb-95d4-11ec-b060-6c92bfa7379e_3035c603-d243-430a-ad8c-85b944d851e0 into tec
2026-02-10 10:38:51 | INFO     | api.core.milvus_client:insert:130 | Inserted document a6b8a6cb-95d4-11ec-b060-6c92bfa7379e_c7954224-3a61-4bf9-a507-57bccf489526 into tec
2026-02-10 10:39:02 | INFO     | api.core.milvus_client:insert:130 | Inserted document a6b3a6e7-961a-11ec-b060-6c92bfa7379e_64636e4c-b4b7-49aa-8466-bdadfc4a53d0 into tec
2026-02-10 10:39:12 | INFO     | api.core.milvus_client:insert:130 | Inserted document a4dd8ea2-961a-11ec-b060-6c92bfa7379e_17408525-be54-442c-a3c1-e037940be18c into tec
2026-02-10 10:39:23 | INFO     | api.core.milvus_client:insert:130 | Inserted document a4dd8ea2-961a-11ec-b060-6c92bfa7379e_5b076ad8-c963-4e80-9350-8e534c6c822e into tec
2026-02-10 10:39:34 | INFO     | api.core.milvus_client:insert:130 | Inserted document a61b8dd5-961a-11ec-b060-6c92bfa7379e_64cbdaea-1f44-4906-9842-f7bc20d0e9a5 into tec
2026-02-10 10:39:45 | INFO     | api.core.milvus_client:insert:130 | Inserted document a5ae4d48-961a-11ec-b060-6c92bfa7379e_5df87f50-d2d6-4752-ada4-ba413ed2038a into tec
2026-02-10 10:39:56 | INFO     | api.core.milvus_client:insert:130 | Inserted document a4e90725-961a-11ec-b060-6c92bfa7379e_611d7329-c344-4c7b-80b7-ca9478538c1f into tec
2026-02-10 10:40:06 | INFO     | api.core.milvus_client:insert:130 | Inserted document a4e90725-961a-11ec-b060-6c92bfa7379e_b89078e4-55d7-4798-8e4c-c050956fe61f into tec
2026-02-10 10:40:17 | INFO     | api.core.milvus_client:insert:130 | Inserted document a66cf5b0-95d4-11ec-b060-6c92bfa7379e_4adbb974-5785-4635-aedd-99dacc7e9d7b into tec
2026-02-10 10:40:28 | INFO     | api.core.milvus_client:insert:130 | Inserted document a66cf5b0-95d4-11ec-b060-6c92bfa7379e_6a5c2703-828e-4df9-be20-484a27e0ed27 into tec
2026-02-10 10:40:38 | INFO     | api.core.milvus_client:insert:130 | Inserted document a66cf5b0-95d4-11ec-b060-6c92bfa7379e_eaa1d10c-da93-41bb-86bc-b4f83dd93c5a into tec
2026-02-10 10:40:50 | INFO     | api.core.milvus_client:insert:130 | Inserted document a66cf5b0-95d4-11ec-b060-6c92bfa7379e_f7979f88-f168-4cc1-a432-2cc50d25ede9 into tec
2026-02-10 10:41:01 | INFO     | api.core.milvus_client:insert:130 | Inserted document a85b6b7a-961a-11ec-b060-6c92bfa7379e_543052ad-eb8e-451b-9540-53e0c534dad3 into tec
2026-02-10 10:41:12 | INFO     | api.core.milvus_client:insert:130 | Inserted document a85b6b7a-961a-11ec-b060-6c92bfa7379e_62db267e-7b28-4af1-b586-3e4900790c18 into tec
2026-02-10 10:41:23 | INFO     | api.core.milvus_client:insert:130 | Inserted document a85b6b7a-961a-11ec-b060-6c92bfa7379e_be0e236e-a89b-49f5-a8a4-2223c1d9955c into tec
2026-02-10 10:41:34 | INFO     | api.core.milvus_client:insert:130 | Inserted document a85b6b7a-961a-11ec-b060-6c92bfa7379e_f6619b44-068a-4b03-a572-4f9d62e24f69 into tec
2026-02-10 10:41:45 | INFO     | api.core.milvus_client:insert:130 | Inserted document a85b6b7a-961a-11ec-b060-6c92bfa7379e_f9b0bce3-18a4-4b19-841c-e2f1a97c3b85 into tec
2026-02-10 10:41:56 | INFO     | api.core.milvus_client:insert:130 | Inserted document b0950bd9-ede2-11ec-a971-6c92bfa7379e_543052ad-eb8e-451b-9540-53e0c534dad3 into tec
2026-02-10 10:42:07 | INFO     | api.core.milvus_client:insert:130 | Inserted document b0950bd9-ede2-11ec-a971-6c92bfa7379e_62db267e-7b28-4af1-b586-3e4900790c18 into tec
2026-02-10 10:42:17 | INFO     | api.core.milvus_client:insert:130 | Inserted document b0950bd9-ede2-11ec-a971-6c92bfa7379e_be0e236e-a89b-49f5-a8a4-2223c1d9955c into tec
2026-02-10 10:42:28 | INFO     | api.core.milvus_client:insert:130 | Inserted document b0950bd9-ede2-11ec-a971-6c92bfa7379e_f6619b44-068a-4b03-a572-4f9d62e24f69 into tec
2026-02-10 10:42:39 | INFO     | api.core.milvus_client:insert:130 | Inserted document b0950bd9-ede2-11ec-a971-6c92bfa7379e_f9b0bce3-18a4-4b19-841c-e2f1a97c3b85 into tec
2026-02-10 10:42:49 | INFO     | api.core.milvus_client:insert:130 | Inserted document a6907493-95d4-11ec-b060-6c92bfa7379e_dab10051-871d-4f31-adc7-1d841b3acc6c into tec
2026-02-10 10:43:00 | INFO     | api.core.milvus_client:insert:130 | Inserted document a681d942-95d4-11ec-b060-6c92bfa7379e_0b1d92f9-d9b9-4535-9074-6c83fe608bb7 into tec
2026-02-10 10:43:11 | INFO     | api.core.milvus_client:insert:130 | Inserted document a681d942-95d4-11ec-b060-6c92bfa7379e_11b2a0d4-1e67-49f4-8c1b-f3cf4c899c03 into tec
2026-02-10 10:43:21 | INFO     | api.core.milvus_client:insert:130 | Inserted document a681d942-95d4-11ec-b060-6c92bfa7379e_2321b88b-25be-43a3-9c81-4902114ba735 into tec
2026-02-10 10:43:32 | INFO     | api.core.milvus_client:insert:130 | Inserted document a681d942-95d4-11ec-b060-6c92bfa7379e_346e27f3-3fdb-4722-b555-5fd0a7f83783 into tec
2026-02-10 10:43:43 | INFO     | api.core.milvus_client:insert:130 | Inserted document a681d942-95d4-11ec-b060-6c92bfa7379e_4cb37ea9-796c-4474-925b-f85bd81d7500 into tec
2026-02-10 10:43:54 | INFO     | api.core.milvus_client:insert:130 | Inserted document a681d942-95d4-11ec-b060-6c92bfa7379e_9e1351ec-e08c-44ca-850b-51a433d62176 into tec
2026-02-10 10:44:05 | INFO     | api.core.milvus_client:insert:130 | Inserted document a681d942-95d4-11ec-b060-6c92bfa7379e_b9451bd2-543d-4350-8678-88487073adfa into tec
2026-02-10 10:44:16 | INFO     | api.core.milvus_client:insert:130 | Inserted document a681d942-95d4-11ec-b060-6c92bfa7379e_be46e07d-a262-43c1-8a65-7ca9708bab0e into tec
2026-02-10 10:44:27 | INFO     | api.core.milvus_client:insert:130 | Inserted document a681d942-95d4-11ec-b060-6c92bfa7379e_c4af985f-eb09-42d7-8131-5b99d055bfe9 into tec
2026-02-10 10:44:52 | INFO     | api.main:lifespan:14 | Shutting down Intelligent Matching Engine API...
2026-02-10 10:44:57 | INFO     | api.main:lifespan:12 | Starting Intelligent Matching Engine API...
2026-02-10 10:46:08 | WARNING  | __main__:get_existing_ids:51 | Failed to get existing IDs: <MilvusException: (code=65535, message=invalid max query result window, (offset+limit) should be in range [1, 16384], but got 100000)>
2026-02-10 10:47:13 | INFO     | api.main:lifespan:14 | Shutting down Intelligent Matching Engine API...
2026-02-10 10:47:17 | INFO     | api.main:lifespan:12 | Starting Intelligent Matching Engine API...
2026-02-10 10:48:01 | INFO     | __main__:get_existing_ids:64 | Found 78 existing IDs in ime_tec
2026-02-10 10:48:13 | INFO     | api.core.milvus_client:connect:40 | Connected to Milvus at 192.168.15.111:19530
2026-02-10 10:48:16 | INFO     | api.core.milvus_client:insert:130 | Inserted document a6d34c56-961a-11ec-b060-6c92bfa7379e_08a1fcab-61d1-4c9d-85d4-c97f21e095af into tec
2026-02-10 10:48:23 | INFO     | api.core.milvus_client:insert:130 | Inserted document a6c9c8d1-95d4-11ec-b060-6c92bfa7379e_c25584c9-3440-4405-b221-99bcb9f68d07 into tec
2026-02-10 10:48:33 | INFO     | api.core.milvus_client:insert:130 | Inserted document a67e025b-961a-11ec-b060-6c92bfa7379e_b36b1d81-fd9a-4780-8dcd-849c20859cf0 into tec
2026-02-10 10:48:44 | INFO     | api.core.milvus_client:insert:130 | Inserted document a6a1b09f-95d4-11ec-b060-6c92bfa7379e_9d617bd9-1db2-47e5-87ab-4de9a4d8001b into tec
2026-02-10 10:48:55 | INFO     | api.core.milvus_client:insert:130 | Inserted document a66f1ac1-95d4-11ec-b060-6c92bfa7379e_a6a41689-6188-4d38-87ad-4f5f0663d4e2 into tec
2026-02-10 10:49:05 | INFO     | api.core.milvus_client:insert:130 | Inserted document a8b0e542-961a-11ec-b060-6c92bfa7379e_536eedf2-4e4b-46b0-a149-418b8e9d1c8a into tec
2026-02-10 10:49:15 | INFO     | api.core.milvus_client:insert:130 | Inserted document a60b7a53-961a-11ec-b060-6c92bfa7379e_495cabfb-fa8f-4c84-81f9-b8206d45f877 into tec
2026-02-10 10:49:26 | INFO     | api.core.milvus_client:insert:130 | Inserted document a64a800d-961a-11ec-b060-6c92bfa7379e_5a9b06b3-c58e-402d-a14c-74a00a95df45 into tec
2026-02-10 10:49:37 | INFO     | api.core.milvus_client:insert:130 | Inserted document a67bdf09-95d4-11ec-b060-6c92bfa7379e_71dbd1a7-30ca-4e80-b181-396e5bbe0d38 into tec
2026-02-10 10:49:47 | INFO     | api.core.milvus_client:insert:130 | Inserted document b0294547-ede2-11ec-a971-6c92bfa7379e_eff5fdca-c390-4950-8bb0-2e55d1be3c3c into tec
2026-02-10 10:49:57 | INFO     | api.core.milvus_client:insert:130 | Inserted document a4a83a50-961a-11ec-b060-6c92bfa7379e_c6f8f0cf-8b50-4625-9bed-0590010ebb3b into tec
2026-02-10 10:50:08 | INFO     | api.core.milvus_client:insert:130 | Inserted document a66f1ac1-95d4-11ec-b060-6c92bfa7379e_3c27199c-37af-4b95-95d2-3b0722194ad8 into tec
2026-02-10 10:50:19 | INFO     | api.core.milvus_client:insert:130 | Inserted document a78c72f6-961a-11ec-b060-6c92bfa7379e_a935495f-c918-4b5c-a6d7-5a578c8ff195 into tec
2026-02-10 10:50:29 | INFO     | api.core.milvus_client:insert:130 | Inserted document a6c9c8d1-95d4-11ec-b060-6c92bfa7379e_2240e72d-f5d6-4c9a-ace2-3a8f95e4258a into tec
2026-02-10 10:50:40 | INFO     | api.core.milvus_client:insert:130 | Inserted document b063566c-ede2-11ec-a971-6c92bfa7379e_2040ecd0-8c72-4fa2-ad2d-db33128eb341 into tec
2026-02-10 10:50:50 | INFO     | api.core.milvus_client:insert:130 | Inserted document b0294547-ede2-11ec-a971-6c92bfa7379e_f7886b86-86e8-4c98-860d-462d43a6a3a6 into tec
2026-02-10 10:51:01 | INFO     | api.core.milvus_client:insert:130 | Inserted document a6c9c8d1-95d4-11ec-b060-6c92bfa7379e_eff5fdca-c390-4950-8bb0-2e55d1be3c3c into tec
2026-02-10 10:51:11 | INFO     | api.core.milvus_client:insert:130 | Inserted document a4f89704-961a-11ec-b060-6c92bfa7379e_6edeccc4-157e-47b7-a172-8343c4d7edbe into tec
2026-02-10 10:51:22 | INFO     | api.core.milvus_client:insert:130 | Inserted document a692c875-95d4-11ec-b060-6c92bfa7379e_1bd77a2a-4842-446c-a7c0-9c845c2466f3 into tec
2026-02-10 10:51:33 | INFO     | api.core.milvus_client:insert:130 | Inserted document a6c9c8d1-95d4-11ec-b060-6c92bfa7379e_071363cd-63f2-41d0-9502-3ddd9521dd91 into tec
2026-02-10 10:51:43 | INFO     | api.core.milvus_client:insert:130 | Inserted document a67bdf09-95d4-11ec-b060-6c92bfa7379e_5fb4a47f-8a1c-466d-af81-ae385a1b9494 into tec
2026-02-10 10:51:53 | INFO     | api.core.milvus_client:insert:130 | Inserted document a649a52d-961a-11ec-b060-6c92bfa7379e_a706e9df-9a24-4945-87fc-d4cef6c10f43 into tec
2026-02-10 10:52:04 | INFO     | api.core.milvus_client:insert:130 | Inserted document a66f1ac1-95d4-11ec-b060-6c92bfa7379e_f168d7cf-5106-4e11-9730-7434888ac05c into tec
2026-02-10 10:52:14 | INFO     | api.core.milvus_client:insert:130 | Inserted document a50002f1-961a-11ec-b060-6c92bfa7379e_1a0cd3f0-ea12-4b00-9877-f2dcad983c89 into tec
2026-02-10 10:52:25 | INFO     | api.core.milvus_client:insert:130 | Inserted document a78c72f6-961a-11ec-b060-6c92bfa7379e_cd9d6785-028a-49c9-b7ca-5812ed7c07de into tec
2026-02-10 10:52:35 | INFO     | api.core.milvus_client:insert:130 | Inserted document a51413ec-961a-11ec-b060-6c92bfa7379e_e6ef49c5-4214-4fd4-9182-17497c565274 into tec
2026-02-10 10:52:46 | INFO     | api.core.milvus_client:insert:130 | Inserted document a8b0e542-961a-11ec-b060-6c92bfa7379e_2018519b-8c1c-4b12-9d45-b0921415e2f1 into tec
2026-02-10 10:52:57 | INFO     | api.core.milvus_client:insert:130 | Inserted document a614d585-961a-11ec-b060-6c92bfa7379e_dfbbead0-272e-4a3b-9d5d-96bd7ece4ff0 into tec
2026-02-10 10:53:07 | INFO     | api.core.milvus_client:insert:130 | Inserted document a4a83a50-961a-11ec-b060-6c92bfa7379e_6684e8b9-45e8-4554-8b81-0ff8077e1da0 into tec
2026-02-10 10:53:18 | INFO     | api.core.milvus_client:insert:130 | Inserted document a8b0e542-961a-11ec-b060-6c92bfa7379e_5ad959ee-f288-41dc-96bb-cee608ac7dea into tec
2026-02-10 10:53:29 | INFO     | api.core.milvus_client:insert:130 | Inserted document a67bdf09-95d4-11ec-b060-6c92bfa7379e_cfd0340b-03d3-4079-bff2-81ac17141e60 into tec
2026-02-10 10:53:40 | INFO     | api.core.milvus_client:insert:130 | Inserted document a66f1ac1-95d4-11ec-b060-6c92bfa7379e_37bb626d-4c23-47e1-8e4b-60ae40b974bf into tec
2026-02-10 10:53:51 | INFO     | api.core.milvus_client:insert:130 | Inserted document b0294547-ede2-11ec-a971-6c92bfa7379e_2240e72d-f5d6-4c9a-ace2-3a8f95e4258a into tec
2026-02-10 10:54:01 | INFO     | api.core.milvus_client:insert:130 | Inserted document a4f89704-961a-11ec-b060-6c92bfa7379e_31aa6e7e-178d-4a05-a83e-d7c512fa573b into tec
2026-02-10 10:54:12 | INFO     | api.core.milvus_client:insert:130 | Inserted document a78c72f6-961a-11ec-b060-6c92bfa7379e_36f04a0c-eba7-4684-868b-c83fa687c471 into tec
2026-02-10 10:54:22 | INFO     | api.core.milvus_client:insert:130 | Inserted document a6953f33-95d4-11ec-b060-6c92bfa7379e_29f8fa41-0363-423b-b13d-f89c59761f04 into tec
2026-02-10 10:54:32 | INFO     | api.core.milvus_client:insert:130 | Inserted document a614d6a5-961a-11ec-b060-6c92bfa7379e_12bce5bd-59ca-432e-b106-24457d595e05 into tec
2026-02-10 10:54:43 | INFO     | api.core.milvus_client:insert:130 | Inserted document a64a800d-961a-11ec-b060-6c92bfa7379e_a37f1c93-639c-45c0-ab52-d4d4a7d4d93e into tec
2026-02-10 10:54:50 | INFO     | api.main:add_request_id:35 | [ebcdab6e] GET /docs
2026-02-10 10:54:50 | INFO     | api.main:add_request_id:35 | [5fb69ef9] GET /openapi.json
2026-02-10 10:54:53 | INFO     | api.core.milvus_client:insert:130 | Inserted document a8548cfc-961a-11ec-b060-6c92bfa7379e_20183b75-a805-400c-95fc-86542948417b into tec
2026-02-10 10:55:04 | INFO     | api.core.milvus_client:insert:130 | Inserted document a8b0e542-961a-11ec-b060-6c92bfa7379e_554c51ad-5f12-4db4-b0eb-1a958c087568 into tec
2026-02-10 10:55:15 | INFO     | api.core.milvus_client:insert:130 | Inserted document a661a50d-95d4-11ec-b060-6c92bfa7379e_63b4a399-155d-457f-9b89-5772ee5e3cba into tec
2026-02-10 10:55:15 | INFO     | api.main:add_request_id:35 | [f140d6ad] POST /api/v1/match
2026-02-10 10:55:15 | INFO     | api.core.milvus_client:connect:40 | Connected to Milvus at 192.168.15.111:19530
2026-02-10 10:55:15 | INFO     | api.core.matcher:match:94 | tec: 10 results, 1 after threshold filter
2026-02-10 10:55:15 | INFO     | api.routers.match:match_resources:73 | [f140d6ad] Match completed: 1 results in 346ms
2026-02-10 10:55:25 | INFO     | api.core.milvus_client:insert:130 | Inserted document a661a50d-95d4-11ec-b060-6c92bfa7379e_25613310-5fdf-4591-a5e2-f5e98893501e into tec
2026-02-10 10:55:36 | INFO     | api.core.milvus_client:insert:130 | Inserted document a68ec389-95d4-11ec-b060-6c92bfa7379e_626a82d4-1e4f-4bfd-82e4-6ab08cecff35 into tec
2026-02-10 10:55:46 | INFO     | api.core.milvus_client:insert:130 | Inserted document a67bdf09-95d4-11ec-b060-6c92bfa7379e_6b3b5878-c5f2-41a1-95b0-6dfb4860343f into tec
2026-02-10 10:55:57 | INFO     | api.core.milvus_client:insert:130 | Inserted document a6a384a0-95d4-11ec-b060-6c92bfa7379e_0c9575ae-718a-4668-8964-d1d76b7f575a into tec
2026-02-10 10:55:58 | INFO     | api.main:add_request_id:35 | [57680066] POST /api/v1/match
2026-02-10 10:56:02 | INFO     | api.core.matcher:match:94 | tec: 10 results, 1 after threshold filter
2026-02-10 10:56:02 | INFO     | api.routers.match:match_resources:73 | [57680066] Match completed: 1 results in 4538ms
2026-02-10 10:56:07 | INFO     | api.core.milvus_client:insert:130 | Inserted document a504ef08-961a-11ec-b060-6c92bfa7379e_ab9aa452-1675-4a86-b7c8-ced9ea8b2852 into tec
2026-02-10 10:56:18 | INFO     | api.core.milvus_client:insert:130 | Inserted document a84a5de6-961a-11ec-b060-6c92bfa7379e_49e7c8e5-e010-4c22-9220-8f06742eee70 into tec
2026-02-10 10:56:28 | INFO     | api.core.milvus_client:insert:130 | Inserted document a8548cfc-961a-11ec-b060-6c92bfa7379e_43cbf440-810f-4c18-ae5a-ef1c22be39c3 into tec
2026-02-10 10:56:39 | INFO     | api.core.milvus_client:insert:130 | Inserted document a8b0e542-961a-11ec-b060-6c92bfa7379e_6744dd5e-04c2-4946-8dd8-272ee94029b3 into tec
2026-02-10 10:56:50 | INFO     | api.core.milvus_client:insert:130 | Inserted document a67bdf09-95d4-11ec-b060-6c92bfa7379e_a2845bbd-0e46-4fe0-adf1-0fe717b9f08c into tec
2026-02-10 10:57:00 | INFO     | api.core.milvus_client:insert:130 | Inserted document b0294547-ede2-11ec-a971-6c92bfa7379e_071363cd-63f2-41d0-9502-3ddd9521dd91 into tec
2026-02-10 10:57:11 | INFO     | api.core.milvus_client:insert:130 | Inserted document a6a384a0-95d4-11ec-b060-6c92bfa7379e_2040ecd0-8c72-4fa2-ad2d-db33128eb341 into tec
2026-02-10 10:57:21 | INFO     | api.core.milvus_client:insert:130 | Inserted document a6953f33-95d4-11ec-b060-6c92bfa7379e_22b8a42a-d155-4601-906b-7de24e989021 into tec
2026-02-10 10:57:32 | INFO     | api.core.milvus_client:insert:130 | Inserted document a692c875-95d4-11ec-b060-6c92bfa7379e_63778bff-ff27-4926-a5d7-3b2d4821b982 into tec
2026-02-10 10:57:42 | INFO     | api.core.milvus_client:insert:130 | Inserted document a51413ec-961a-11ec-b060-6c92bfa7379e_1e3a4dba-50fa-4129-944a-130e5968f9a7 into tec
2026-02-10 10:57:53 | INFO     | api.core.milvus_client:insert:130 | Inserted document a614d585-961a-11ec-b060-6c92bfa7379e_a4310a3a-ea62-45d1-959c-b05655f3c841 into tec
2026-02-10 10:58:04 | INFO     | api.core.milvus_client:insert:130 | Inserted document a68ec389-95d4-11ec-b060-6c92bfa7379e_6c1f5070-1aba-4aa9-9340-676919e44d0f into tec
2026-02-10 10:58:15 | INFO     | api.core.milvus_client:insert:130 | Inserted document a8548cfc-961a-11ec-b060-6c92bfa7379e_518b66eb-50e1-4f51-baa9-81581b9631fa into tec
2026-02-10 10:58:26 | INFO     | api.core.milvus_client:insert:130 | Inserted document a66f1ac1-95d4-11ec-b060-6c92bfa7379e_6d9c5b53-82a3-4978-887c-7377dac291bd into tec
2026-02-10 10:58:37 | INFO     | api.core.milvus_client:insert:130 | Inserted document a8b0e542-961a-11ec-b060-6c92bfa7379e_14f2ea0d-a42e-476d-84d8-4b99284f58c7 into tec
2026-02-10 10:58:47 | INFO     | api.core.milvus_client:insert:130 | Inserted document a8b0e542-961a-11ec-b060-6c92bfa7379e_1fa7c356-42e4-43ec-b469-4de09a593426 into tec
2026-02-10 10:58:58 | INFO     | api.core.milvus_client:insert:130 | Inserted document a64f0668-95d4-11ec-b060-6c92bfa7379e_e10c997b-7ae9-43b7-b2fa-a321cb0c5c04 into tec
2026-02-10 10:59:08 | INFO     | api.core.milvus_client:insert:130 | Inserted document a66f1ac1-95d4-11ec-b060-6c92bfa7379e_e7d176a6-004e-4664-ae81-0f345ab4c89e into tec
2026-02-10 10:59:19 | INFO     | api.core.milvus_client:insert:130 | Inserted document a504ef08-961a-11ec-b060-6c92bfa7379e_1805cd96-da69-44cc-be23-218f5e838f95 into tec
2026-02-10 10:59:29 | INFO     | api.core.milvus_client:insert:130 | Inserted document a6e23aaf-95d4-11ec-b060-6c92bfa7379e_06127b0b-27cb-4238-bb0c-f929173b9f86 into tec
2026-02-10 10:59:40 | INFO     | api.core.milvus_client:insert:130 | Inserted document a690b051-95d4-11ec-b060-6c92bfa7379e_f10f9d12-13de-4aff-a238-1b090e347dc7 into tec
2026-02-10 10:59:51 | INFO     | api.core.milvus_client:insert:130 | Inserted document a614d585-961a-11ec-b060-6c92bfa7379e_6106925a-b9f6-4a36-b98a-eb15bd640131 into tec
2026-02-10 10:59:51 | INFO     | api.main:add_request_id:35 | [978dcc1d] POST /api/v1/match
2026-02-10 10:59:53 | INFO     | api.core.matcher:match:94 | tec: 10 results, 10 after threshold filter
2026-02-10 10:59:53 | INFO     | api.routers.match:match_resources:73 | [978dcc1d] Match completed: 10 results in 2333ms
2026-02-10 11:00:01 | INFO     | api.core.milvus_client:insert:130 | Inserted document a67e025b-961a-11ec-b060-6c92bfa7379e_47a5c07c-7c87-40bb-aec0-4afb87501010 into tec
2026-02-10 11:00:12 | INFO     | api.core.milvus_client:insert:130 | Inserted document afb79aa8-ede2-11ec-a971-6c92bfa7379e_b5fc9001-21f3-4222-97a9-45e3c219dc18 into tec
2026-02-10 11:00:22 | INFO     | api.core.milvus_client:insert:130 | Inserted document a68c75f8-95d4-11ec-b060-6c92bfa7379e_d74632ea-10ed-4562-be19-e17cd7eb5e38 into tec
2026-02-10 11:00:33 | INFO     | api.core.milvus_client:insert:130 | Inserted document a614d6a5-961a-11ec-b060-6c92bfa7379e_5641becc-3d8a-40fa-a15b-cd5e5f986fc3 into tec
2026-02-10 11:00:43 | INFO     | api.core.milvus_client:insert:130 | Inserted document a839f079-961a-11ec-b060-6c92bfa7379e_29bcfb58-089b-46cb-978c-9d34250aeaa6 into tec
2026-02-10 11:00:54 | INFO     | api.core.milvus_client:insert:130 | Inserted document a607e356-961a-11ec-b060-6c92bfa7379e_baf44c29-2aab-4eda-a532-58cae5cd548d into tec
2026-02-10 11:01:04 | INFO     | api.core.milvus_client:insert:130 | Inserted document a67bdf09-95d4-11ec-b060-6c92bfa7379e_2bddde55-1182-4d3e-9122-dd8c9743381c into tec
2026-02-10 11:01:16 | INFO     | api.core.milvus_client:insert:130 | Inserted document a6c9c8d1-95d4-11ec-b060-6c92bfa7379e_f7886b86-86e8-4c98-860d-462d43a6a3a6 into tec
2026-02-10 11:01:26 | INFO     | api.core.milvus_client:insert:130 | Inserted document a688ed54-95d4-11ec-b060-6c92bfa7379e_f4e9bc0e-988a-4acf-b4d9-8757b2888ab3 into tec
2026-02-10 11:01:37 | INFO     | api.core.milvus_client:insert:130 | Inserted document a84e327b-961a-11ec-b060-6c92bfa7379e_cece1e8d-cb92-422b-ac19-a260169c7f66 into tec
2026-02-10 11:01:48 | INFO     | api.core.milvus_client:insert:130 | Inserted document b0294547-ede2-11ec-a971-6c92bfa7379e_c25584c9-3440-4405-b221-99bcb9f68d07 into tec
2026-02-10 11:01:58 | INFO     | api.core.milvus_client:insert:130 | Inserted document a60235c0-961a-11ec-b060-6c92bfa7379e_201ea825-f727-4bcf-8a9d-62044b07eabe into tec
2026-02-10 11:02:09 | INFO     | api.core.milvus_client:insert:130 | Inserted document a66f1ac1-95d4-11ec-b060-6c92bfa7379e_6905fd63-3323-4820-bc01-a844695158af into tec
2026-02-10 11:02:19 | INFO     | api.core.milvus_client:insert:130 | Inserted document a8b0e542-961a-11ec-b060-6c92bfa7379e_9b075c34-ec26-49a9-a334-80849848b54e into tec
2026-02-10 11:02:30 | INFO     | api.core.milvus_client:insert:130 | Inserted document a78c72f6-961a-11ec-b060-6c92bfa7379e_c00ebf69-4f00-4f6a-a0b5-63d248a931f7 into tec
2026-02-10 11:02:40 | INFO     | api.core.milvus_client:insert:130 | Inserted document a8548cfc-961a-11ec-b060-6c92bfa7379e_5c2a16a7-849f-4ce4-94fa-a9ba924bc13e into tec
2026-02-10 11:02:51 | INFO     | api.core.milvus_client:insert:130 | Inserted document a67bdf09-95d4-11ec-b060-6c92bfa7379e_bef09a5c-9c44-4d32-b35e-e5f3dd36a5cc into tec
2026-02-10 11:03:01 | INFO     | api.core.milvus_client:insert:130 | Inserted document a67e025b-961a-11ec-b060-6c92bfa7379e_16c485d1-b0bb-49de-901c-c0cc6b20b0d8 into tec
2026-02-10 11:03:12 | INFO     | api.core.milvus_client:insert:130 | Inserted document a607e356-961a-11ec-b060-6c92bfa7379e_e86b733a-8c44-4df1-9958-f574fe26caf4 into tec
2026-02-10 11:03:22 | INFO     | api.core.milvus_client:insert:130 | Inserted document b063566c-ede2-11ec-a971-6c92bfa7379e_0c9575ae-718a-4668-8964-d1d76b7f575a into tec
2026-02-10 11:03:33 | INFO     | api.core.milvus_client:insert:130 | Inserted document a68182c8-95d4-11ec-b060-6c92bfa7379e_f9969337-bf0c-44e7-9331-91a03f6282a8 into tec
2026-02-10 11:03:43 | INFO     | api.core.milvus_client:insert:130 | Inserted document a4a83a50-961a-11ec-b060-6c92bfa7379e_3a61ad49-2b38-41a8-abe7-017c109b3a7c into tec
2026-02-10 11:03:54 | INFO     | api.core.milvus_client:insert:130 | Inserted document a8b0e542-961a-11ec-b060-6c92bfa7379e_08e6c920-8b87-49a6-b200-b0b7d6cd2c39 into tec
2026-02-10 11:04:04 | INFO     | api.core.milvus_client:insert:130 | Inserted document a614d6a5-961a-11ec-b060-6c92bfa7379e_5359dd70-2a72-472f-96ef-7d66e1ae3ec4 into tec
2026-02-10 11:04:15 | INFO     | api.core.milvus_client:insert:130 | Inserted document a4a83a50-961a-11ec-b060-6c92bfa7379e_f41737c5-e90b-4b8e-83e5-6b24d3c544c8 into tec
2026-02-10 11:04:25 | INFO     | api.core.milvus_client:insert:130 | Inserted document a66f1ac1-95d4-11ec-b060-6c92bfa7379e_d12a8874-d546-4939-b864-843d44167bc5 into tec
2026-02-10 11:04:36 | INFO     | api.core.milvus_client:insert:130 | Inserted document a8b0e542-961a-11ec-b060-6c92bfa7379e_6d4afca8-b861-4b7b-9aec-da474db1eb07 into tec
2026-02-10 11:04:47 | INFO     | api.core.milvus_client:insert:130 | Inserted document a66f1ac1-95d4-11ec-b060-6c92bfa7379e_cdd4875c-d13e-446c-b933-564e5438e487 into tec
2026-02-10 11:04:57 | INFO     | api.core.milvus_client:insert:130 | Inserted document b066d6cd-ede2-11ec-a971-6c92bfa7379e_6c7eb779-2516-4cbb-88cc-e5e1a50bd02f into tec
2026-02-10 11:05:08 | INFO     | api.core.milvus_client:insert:130 | Inserted document b0592ea2-ede2-11ec-a971-6c92bfa7379e_1e3a4dba-50fa-4129-944a-130e5968f9a7 into tec
2026-02-10 11:05:18 | INFO     | api.core.milvus_client:insert:130 | Inserted document a607e356-961a-11ec-b060-6c92bfa7379e_5d6af8b0-4227-4b90-b980-94c117e9b40a into tec
2026-02-10 11:05:29 | INFO     | api.core.milvus_client:insert:130 | Inserted document a6d34c56-961a-11ec-b060-6c92bfa7379e_dfadc613-fc66-4675-9d8f-04096eb9af01 into tec
2026-02-10 11:05:39 | INFO     | api.core.milvus_client:insert:130 | Inserted document b0592ea2-ede2-11ec-a971-6c92bfa7379e_e6ef49c5-4214-4fd4-9182-17497c565274 into tec
2026-02-10 11:05:50 | INFO     | api.core.milvus_client:insert:130 | Inserted document a9c85a01-961a-11ec-b060-6c92bfa7379e_0195a549-2fa6-4a8f-b3d0-f129eeb0d61c into tec
2026-02-10 11:06:00 | INFO     | api.core.milvus_client:insert:130 | Inserted document a662ba27-95d4-11ec-b060-6c92bfa7379e_d4e5d0af-160e-429f-a512-6e2060ef656c into tec
2026-02-10 11:06:11 | INFO     | api.core.milvus_client:insert:130 | Inserted document a63596f5-961a-11ec-b060-6c92bfa7379e_29264369-1d79-4743-b2ff-9b95c20d3b84 into tec
2026-02-10 11:06:22 | INFO     | api.core.milvus_client:insert:130 | Inserted document a68d1aeb-95d4-11ec-b060-6c92bfa7379e_98890cc0-a453-4a12-ae47-1aaecc985b17 into tec
2026-02-10 11:06:32 | INFO     | api.core.milvus_client:insert:130 | Inserted document a90c7b06-961a-11ec-b060-6c92bfa7379e_f8fffcae-128e-4f39-8d74-611d490ee905 into tec
2026-02-10 11:06:43 | INFO     | api.core.milvus_client:insert:130 | Inserted document a64984d6-961a-11ec-b060-6c92bfa7379e_12b18c58-59e1-40a1-8f2d-542e5472c53d into tec
2026-02-10 11:06:53 | INFO     | api.core.milvus_client:insert:130 | Inserted document a68597b0-961a-11ec-b060-6c92bfa7379e_2372f026-1998-42f9-b98b-a56d02e0bb7f into tec
2026-02-10 11:07:04 | INFO     | api.core.milvus_client:insert:130 | Inserted document a8ee5ca3-961a-11ec-b060-6c92bfa7379e_68e39a93-aabc-4492-8ff6-029444bf3744 into tec
2026-02-10 11:07:15 | INFO     | api.core.milvus_client:insert:130 | Inserted document a662ba27-95d4-11ec-b060-6c92bfa7379e_3c099cc4-fe6e-4e2c-8cd9-91e73fd83134 into tec
2026-02-10 11:07:25 | INFO     | api.core.milvus_client:insert:130 | Inserted document a67140cd-95d4-11ec-b060-6c92bfa7379e_cd0b8527-ce05-419b-beec-135345e90efa into tec
2026-02-10 11:07:36 | INFO     | api.core.milvus_client:insert:130 | Inserted document a696df33-95d4-11ec-b060-6c92bfa7379e_2debc1fe-366c-45dd-812b-1b8d883a0dd1 into tec
2026-02-10 11:07:47 | INFO     | api.core.milvus_client:insert:130 | Inserted document a54e2b60-961a-11ec-b060-6c92bfa7379e_6d251821-bf20-4225-a476-288bcef126c7 into tec
2026-02-10 11:07:57 | INFO     | api.core.milvus_client:insert:130 | Inserted document a67096b7-961a-11ec-b060-6c92bfa7379e_283b8c0f-fe36-4a5d-998a-30ac99d4a102 into tec
2026-02-10 11:08:08 | INFO     | api.core.milvus_client:insert:130 | Inserted document a4e9051e-961a-11ec-b060-6c92bfa7379e_d9e516bd-8f21-4b69-a659-97749ce6d5f1 into tec
2026-02-10 11:08:18 | INFO     | api.core.milvus_client:insert:130 | Inserted document a68f9f9d-95d4-11ec-b060-6c92bfa7379e_f2af071e-f251-49b9-996d-12957fa49bf9 into tec
2026-02-10 11:08:29 | INFO     | api.core.milvus_client:insert:130 | Inserted document a6c96691-95d4-11ec-b060-6c92bfa7379e_4e50e869-8a47-46f6-98bd-66010f3e3c8c into tec
2026-02-10 11:08:40 | INFO     | api.core.milvus_client:insert:130 | Inserted document a63838e0-961a-11ec-b060-6c92bfa7379e_11636615-6363-4b97-9e46-c8247a9167c3 into tec
2026-02-10 11:08:51 | INFO     | api.core.milvus_client:insert:130 | Inserted document a6b0e9ad-95d4-11ec-b060-6c92bfa7379e_6173401b-7386-419d-9fff-471fcb27ad64 into tec
2026-02-10 11:09:01 | INFO     | api.core.milvus_client:insert:130 | Inserted document a668f8a7-95d4-11ec-b060-6c92bfa7379e_2860e407-f413-4d09-8eb9-487ab4ec2f47 into tec
2026-02-10 11:09:12 | INFO     | api.core.milvus_client:insert:130 | Inserted document b06e14dd-ede2-11ec-a971-6c92bfa7379e_6744dd5e-04c2-4946-8dd8-272ee94029b3 into tec
2026-02-10 11:09:22 | INFO     | api.core.milvus_client:insert:130 | Inserted document a81b85e5-961a-11ec-b060-6c92bfa7379e_097597a2-aa0c-4918-a2e7-7497ff3f73be into tec
2026-02-10 11:09:33 | INFO     | api.core.milvus_client:insert:130 | Inserted document a6c3d3fa-95d4-11ec-b060-6c92bfa7379e_d436f9f8-00b3-4cbc-9ab3-eba26ccedc2d into tec
2026-02-10 11:09:43 | INFO     | api.core.milvus_client:insert:130 | Inserted document b06e14dd-ede2-11ec-a971-6c92bfa7379e_14f2ea0d-a42e-476d-84d8-4b99284f58c7 into tec
2026-02-10 11:09:54 | INFO     | api.core.milvus_client:insert:130 | Inserted document a8514eb1-961a-11ec-b060-6c92bfa7379e_a079c693-6c42-42c8-9333-7af436a1d4ad into tec
2026-02-10 11:10:04 | INFO     | api.core.milvus_client:insert:130 | Inserted document a605a8eb-961a-11ec-b060-6c92bfa7379e_b0f30d12-ace2-48ec-969e-d6e2580444fe into tec
2026-02-10 11:10:15 | INFO     | api.core.milvus_client:insert:130 | Inserted document a848e151-961a-11ec-b060-6c92bfa7379e_5718e964-03cf-4b8b-b9b7-14a7d9dd21d0 into tec
2026-02-10 11:10:26 | INFO     | api.core.milvus_client:insert:130 | Inserted document a91fd67f-961a-11ec-b060-6c92bfa7379e_b578cd53-9d9a-4772-adaf-5e8471fb4c3c into tec
2026-02-10 11:10:36 | INFO     | api.core.milvus_client:insert:130 | Inserted document a4ab4e4c-961a-11ec-b060-6c92bfa7379e_61ba5c0e-2d50-4c64-b4c4-664e3ad99812 into tec
2026-02-10 11:10:46 | INFO     | api.core.milvus_client:insert:130 | Inserted document a68d1aeb-95d4-11ec-b060-6c92bfa7379e_03b66c20-82f0-4177-8df6-5ecff8e511a6 into tec
2026-02-10 11:10:57 | INFO     | api.core.milvus_client:insert:130 | Inserted document b06e14dd-ede2-11ec-a971-6c92bfa7379e_08e6c920-8b87-49a6-b200-b0b7d6cd2c39 into tec
2026-02-10 11:11:08 | INFO     | api.core.milvus_client:insert:130 | Inserted document a6d01faf-95d4-11ec-b060-6c92bfa7379e_b3358acd-391e-44e9-ad29-31ab63b5aa98 into tec
2026-02-10 11:11:18 | INFO     | api.core.milvus_client:insert:130 | Inserted document a84e2350-961a-11ec-b060-6c92bfa7379e_6671bafa-ef6d-41dc-ab89-bd2b7efaf24b into tec
2026-02-10 11:11:29 | INFO     | api.core.milvus_client:insert:130 | Inserted document a8b0e542-961a-11ec-b060-6c92bfa7379e_b2527726-353b-4814-8eef-41ca81268bde into tec
2026-02-10 11:11:39 | INFO     | api.core.milvus_client:insert:130 | Inserted document a650cf3e-961a-11ec-b060-6c92bfa7379e_5cad1408-6eae-4fdd-8b80-06e1eec6ee4e into tec
2026-02-10 11:11:50 | INFO     | api.core.milvus_client:insert:130 | Inserted document a6be3e98-95d4-11ec-b060-6c92bfa7379e_23003f74-9a1c-4f68-abfb-750487338271 into tec
2026-02-10 11:12:00 | INFO     | api.core.milvus_client:insert:130 | Inserted document a4cf2a35-961a-11ec-b060-6c92bfa7379e_27e7aed1-92b4-4fbd-aa7a-6bd120e83470 into tec
2026-02-10 11:12:11 | INFO     | api.core.milvus_client:insert:130 | Inserted document b06e14dd-ede2-11ec-a971-6c92bfa7379e_5ad959ee-f288-41dc-96bb-cee608ac7dea into tec
2026-02-10 11:12:22 | INFO     | api.core.milvus_client:insert:130 | Inserted document a660d1ff-95d4-11ec-b060-6c92bfa7379e_62e357ad-806b-4425-ad7c-22830c0d7773 into tec
2026-02-10 11:12:32 | INFO     | api.core.milvus_client:insert:130 | Inserted document a68f9f9d-95d4-11ec-b060-6c92bfa7379e_ad369cb4-e408-40e9-b603-9dc48f26a746 into tec
2026-02-10 11:12:43 | INFO     | api.core.milvus_client:insert:130 | Inserted document a8f5b54c-961a-11ec-b060-6c92bfa7379e_a3df1921-e15e-4b58-b4f1-b5e946f0f124 into tec
2026-02-10 11:12:53 | INFO     | api.core.milvus_client:insert:130 | Inserted document b06e14dd-ede2-11ec-a971-6c92bfa7379e_9f54271d-4ffe-4652-8975-015b0b73de48 into tec
2026-02-10 11:13:04 | INFO     | api.core.milvus_client:insert:130 | Inserted document a8b0e542-961a-11ec-b060-6c92bfa7379e_9f54271d-4ffe-4652-8975-015b0b73de48 into tec
2026-02-10 11:13:15 | INFO     | api.core.milvus_client:insert:130 | Inserted document b06e14dd-ede2-11ec-a971-6c92bfa7379e_536eedf2-4e4b-46b0-a149-418b8e9d1c8a into tec
2026-02-10 11:13:25 | INFO     | api.core.milvus_client:insert:130 | Inserted document a4ab4e4c-961a-11ec-b060-6c92bfa7379e_592a2dbc-ebcc-4222-8b98-d695aba767fe into tec
2026-02-10 11:13:35 | INFO     | api.core.milvus_client:insert:130 | Inserted document a696df33-95d4-11ec-b060-6c92bfa7379e_3f92356a-bdce-4f5b-81c6-10267dbd44a1 into tec
2026-02-10 11:13:46 | INFO     | api.core.milvus_client:insert:130 | Inserted document a660d1ff-95d4-11ec-b060-6c92bfa7379e_ee3374c9-8d23-4a67-aef4-06468b0aea31 into tec
2026-02-10 11:13:56 | INFO     | api.core.milvus_client:insert:130 | Inserted document b06e14dd-ede2-11ec-a971-6c92bfa7379e_2018519b-8c1c-4b12-9d45-b0921415e2f1 into tec
2026-02-10 11:14:07 | INFO     | api.core.milvus_client:insert:130 | Inserted document a650cf3e-961a-11ec-b060-6c92bfa7379e_98482ffa-cfe2-45a9-a90b-f69e57eb456a into tec
2026-02-10 11:14:18 | INFO     | api.core.milvus_client:insert:130 | Inserted document a633aa04-961a-11ec-b060-6c92bfa7379e_a47927a0-bd21-4b2c-8e4c-1d19481dbb8c into tec
2026-02-10 11:14:29 | INFO     | api.core.milvus_client:insert:130 | Inserted document a68d1aeb-95d4-11ec-b060-6c92bfa7379e_d72212d2-030f-467f-b42f-131635bb2239 into tec
2026-02-10 11:14:39 | INFO     | api.core.milvus_client:insert:130 | Inserted document a79131aa-961a-11ec-b060-6c92bfa7379e_346146b0-456d-4224-86e5-03227eaefa0a into tec
2026-02-10 11:14:50 | INFO     | api.core.milvus_client:insert:130 | Inserted document a68d1aeb-95d4-11ec-b060-6c92bfa7379e_034a6ab0-7544-4e0d-ac48-4d022f2477e7 into tec
2026-02-10 11:15:01 | INFO     | api.core.milvus_client:insert:130 | Inserted document a63596f5-961a-11ec-b060-6c92bfa7379e_5a31b900-89fd-49b3-aa3e-c33ba4575c66 into tec
2026-02-10 11:15:11 | INFO     | api.core.milvus_client:insert:130 | Inserted document a668f8a7-95d4-11ec-b060-6c92bfa7379e_a2ffd603-a205-4648-9193-f0b0ce4a6075 into tec
2026-02-10 11:15:22 | INFO     | api.core.milvus_client:insert:130 | Inserted document a8f3763a-961a-11ec-b060-6c92bfa7379e_ca1a93e4-962c-4b44-b82c-cd6024b0cc92 into tec
2026-02-10 11:15:33 | INFO     | api.core.milvus_client:insert:130 | Inserted document a680bfb0-95d4-11ec-b060-6c92bfa7379e_1892835a-0c7a-4399-8c62-79c186405740 into tec
2026-02-10 11:15:44 | INFO     | api.core.milvus_client:insert:130 | Inserted document a68597b0-961a-11ec-b060-6c92bfa7379e_4ac45998-074e-4626-aef2-cca4da6e6420 into tec
2026-02-10 11:15:54 | INFO     | api.core.milvus_client:insert:130 | Inserted document a59c78ac-961a-11ec-b060-6c92bfa7379e_bd46806b-ccd0-4798-a60b-3286564248a9 into tec
2026-02-10 11:16:05 | INFO     | api.core.milvus_client:insert:130 | Inserted document a63596f5-961a-11ec-b060-6c92bfa7379e_649318f6-3801-4186-8c32-f5dfdf80eb24 into tec
2026-02-10 11:16:15 | INFO     | api.core.milvus_client:insert:130 | Inserted document a9a2a175-961a-11ec-b060-6c92bfa7379e_657c7b2b-2671-49df-a762-04a5e3ada87f into tec
2026-02-10 11:16:26 | INFO     | api.core.milvus_client:insert:130 | Inserted document a69b9ebb-95d4-11ec-b060-6c92bfa7379e_1ab305d6-a1ce-45b3-8981-82532b8f51c1 into tec
2026-02-10 11:16:37 | INFO     | api.core.milvus_client:insert:130 | Inserted document a633aa04-961a-11ec-b060-6c92bfa7379e_0de48d48-9257-4006-8dda-1be21b0403d4 into tec
2026-02-10 11:16:48 | INFO     | api.core.milvus_client:insert:130 | Inserted document b06e14dd-ede2-11ec-a971-6c92bfa7379e_6d4afca8-b861-4b7b-9aec-da474db1eb07 into tec
2026-02-10 11:16:58 | INFO     | api.core.milvus_client:insert:130 | Inserted document a63596f5-961a-11ec-b060-6c92bfa7379e_53deed1a-0271-41e2-b090-7355092127ef into tec
2026-02-10 11:17:09 | INFO     | api.core.milvus_client:insert:130 | Inserted document a660d1ff-95d4-11ec-b060-6c92bfa7379e_996c510f-62f0-478c-bec1-c1f0c410d1ae into tec
2026-02-10 11:17:19 | INFO     | api.core.milvus_client:insert:130 | Inserted document b06e14dd-ede2-11ec-a971-6c92bfa7379e_b2527726-353b-4814-8eef-41ca81268bde into tec
2026-02-10 11:17:30 | INFO     | api.core.milvus_client:insert:130 | Inserted document a668f8a7-95d4-11ec-b060-6c92bfa7379e_0a50f917-9738-42f3-a956-70a4ae6c115d into tec
2026-02-10 11:17:41 | INFO     | api.core.milvus_client:insert:130 | Inserted document a655c03c-95d4-11ec-b060-6c92bfa7379e_54e7c613-f37b-4b84-adfa-7d08ba608e36 into tec
2026-02-10 11:17:52 | INFO     | api.core.milvus_client:insert:130 | Inserted document a655c03c-95d4-11ec-b060-6c92bfa7379e_cce033ed-de70-40e8-978d-10b754cce339 into tec
2026-02-10 11:18:03 | INFO     | api.core.milvus_client:insert:130 | Inserted document a59c78ac-961a-11ec-b060-6c92bfa7379e_078ab362-bc21-4e57-991a-54a42416311e into tec
2026-02-10 11:18:13 | INFO     | api.core.milvus_client:insert:130 | Inserted document a67096b7-961a-11ec-b060-6c92bfa7379e_294742e4-1d91-4e8e-9c70-2aa0e5e98744 into tec
2026-02-10 11:18:23 | INFO     | api.core.milvus_client:insert:130 | Inserted document a68d1aeb-95d4-11ec-b060-6c92bfa7379e_977608d9-1f6c-4555-a55d-a05beabfbd2e into tec
2026-02-10 11:18:34 | INFO     | api.core.milvus_client:insert:130 | Inserted document a67b6b9f-95d4-11ec-b060-6c92bfa7379e_689bce39-e53c-445b-8ac4-6f4cfa5cfb8d into tec
2026-02-10 11:18:44 | INFO     | api.core.milvus_client:insert:130 | Inserted document a63596f5-961a-11ec-b060-6c92bfa7379e_33bdde5b-24ca-4da5-98ee-bfae751a918c into tec
2026-02-10 11:18:54 | INFO     | api.core.milvus_client:insert:130 | Inserted document a63596f5-961a-11ec-b060-6c92bfa7379e_55e27a20-228f-467d-8188-a531a7f42e8e into tec
2026-02-10 11:18:57 | INFO     | api.main:add_request_id:35 | [4694961b] GET /
2026-02-10 11:19:04 | INFO     | api.main:add_request_id:35 | [d7e6ace7] GET /health
2026-02-10 11:19:05 | INFO     | api.core.milvus_client:insert:130 | Inserted document a4cb78e2-961a-11ec-b060-6c92bfa7379e_260df5d6-7f52-4b68-8dcd-b1d79e406896 into tec
2026-02-10 11:19:16 | INFO     | api.core.milvus_client:insert:130 | Inserted document a66ccaff-95d4-11ec-b060-6c92bfa7379e_6469bfa6-90ac-472f-a59c-4c4423aea5ee into tec
2026-02-10 11:19:26 | INFO     | api.core.milvus_client:insert:130 | Inserted document a8514eb1-961a-11ec-b060-6c92bfa7379e_05f7435d-bc9f-48ef-854f-26cb02f7050b into tec
2026-02-10 11:19:37 | INFO     | api.core.milvus_client:insert:130 | Inserted document a68d1aeb-95d4-11ec-b060-6c92bfa7379e_a97ac316-a1c9-4eb5-888d-5490fb152d09 into tec
2026-02-10 11:19:47 | INFO     | api.core.milvus_client:insert:130 | Inserted document a63838e0-961a-11ec-b060-6c92bfa7379e_97e2c4eb-4ad2-4dc0-abeb-2fc7a8a1edb7 into tec
2026-02-10 11:19:58 | INFO     | api.core.milvus_client:insert:130 | Inserted document a6d217f8-961a-11ec-b060-6c92bfa7379e_2d3d16c1-30ca-4fa3-8378-649e18e84f51 into tec
2026-02-10 11:20:08 | INFO     | api.core.milvus_client:insert:130 | Inserted document a655c03c-95d4-11ec-b060-6c92bfa7379e_f10e226c-8461-4f1a-aaf8-b765d5b85c41 into tec
2026-02-10 11:20:19 | INFO     | api.core.milvus_client:insert:130 | Inserted document a68f9f9d-95d4-11ec-b060-6c92bfa7379e_4fc2add7-b120-4199-99eb-23cc211033f9 into tec
2026-02-10 11:20:30 | INFO     | api.core.milvus_client:insert:130 | Inserted document a68d1aeb-95d4-11ec-b060-6c92bfa7379e_05f71a22-e05a-4a7e-bfa5-85ce16c1a026 into tec
2026-02-10 11:20:40 | INFO     | api.core.milvus_client:insert:130 | Inserted document b06e14dd-ede2-11ec-a971-6c92bfa7379e_9b075c34-ec26-49a9-a334-80849848b54e into tec
2026-02-10 11:20:44 | INFO     | api.main:lifespan:14 | Shutting down Intelligent Matching Engine API...
2026-02-10 11:20:49 | INFO     | api.main:lifespan:12 | Starting Intelligent Matching Engine API...
2026-02-10 11:20:51 | INFO     | api.core.milvus_client:insert:130 | Inserted document a6a14dfe-95d4-11ec-b060-6c92bfa7379e_fe2f499f-35b0-49d9-a961-5d445e11e35b into tec
2026-02-10 11:21:01 | INFO     | api.core.milvus_client:insert:130 | Inserted document b06e14dd-ede2-11ec-a971-6c92bfa7379e_1fa7c356-42e4-43ec-b469-4de09a593426 into tec
2026-02-10 11:21:12 | INFO     | api.core.milvus_client:insert:130 | Inserted document a848e151-961a-11ec-b060-6c92bfa7379e_2d8e176f-ff83-45dc-84f9-a694077ced76 into tec
2026-02-10 11:21:23 | INFO     | api.core.milvus_client:insert:130 | Inserted document a848e151-961a-11ec-b060-6c92bfa7379e_3748b4e5-7e09-421d-a6ba-d0716d39ebf3 into tec
2026-02-10 11:21:33 | INFO     | api.core.milvus_client:insert:130 | Inserted document a68f9f9d-95d4-11ec-b060-6c92bfa7379e_0addfaef-16c7-4ddd-9c04-a018daee4296 into tec
2026-02-10 11:21:44 | INFO     | api.core.milvus_client:insert:130 | Inserted document a696df33-95d4-11ec-b060-6c92bfa7379e_47563816-f4a7-4328-aa6b-6c2747b089a9 into tec
2026-02-10 11:21:54 | INFO     | api.core.milvus_client:insert:130 | Inserted document a63596f5-961a-11ec-b060-6c92bfa7379e_5c39356b-6e55-41c9-8dc5-21686136b991 into tec
2026-02-10 11:22:05 | INFO     | api.core.milvus_client:insert:130 | Inserted document a696df33-95d4-11ec-b060-6c92bfa7379e_07e38784-2fd1-47c3-be3f-90f11a40f50a into tec
2026-02-10 11:22:15 | INFO     | api.core.milvus_client:insert:130 | Inserted document a4e9051e-961a-11ec-b060-6c92bfa7379e_54b1bb17-0324-453e-ac44-eb26dfd9b1c6 into tec
2026-02-10 11:22:26 | INFO     | api.core.milvus_client:insert:130 | Inserted document a6b0e9ad-95d4-11ec-b060-6c92bfa7379e_fce72dfb-e020-45dd-a154-8065c972b3f1 into tec
2026-02-10 11:22:37 | INFO     | api.core.milvus_client:insert:130 | Inserted document a84e2350-961a-11ec-b060-6c92bfa7379e_f4dcbd48-3a57-4e23-b924-bee9b10f9b07 into tec
2026-02-10 11:22:48 | INFO     | api.core.milvus_client:insert:130 | Inserted document a4a911f5-961a-11ec-b060-6c92bfa7379e_cf23ed95-cdf5-446c-9e74-b8ed04c42731 into tec
2026-02-10 11:22:58 | INFO     | api.core.milvus_client:insert:130 | Inserted document a608b376-961a-11ec-b060-6c92bfa7379e_6e6fe984-93d6-4201-b9f3-236ef0ae5680 into tec
2026-02-10 11:23:09 | INFO     | api.core.milvus_client:insert:130 | Inserted document a696df33-95d4-11ec-b060-6c92bfa7379e_25edbcbf-ff5c-4c0d-a71f-abe8e3da0068 into tec
2026-02-10 11:23:20 | INFO     | api.core.milvus_client:insert:130 | Inserted document b06e14dd-ede2-11ec-a971-6c92bfa7379e_554c51ad-5f12-4db4-b0eb-1a958c087568 into tec
2026-02-10 11:23:31 | INFO     | api.core.milvus_client:insert:130 | Inserted document a5ac79ec-961a-11ec-b060-6c92bfa7379e_cf23092e-2663-4bda-a67c-0861dc0e4145 into tec
2026-02-10 11:23:42 | INFO     | api.core.milvus_client:insert:130 | Inserted document a51bb72c-961a-11ec-b060-6c92bfa7379e_d62c000f-e5ce-428c-a207-5b671838acae into tec
2026-02-10 11:23:53 | INFO     | api.core.milvus_client:insert:130 | Inserted document a6a4d04d-95d4-11ec-b060-6c92bfa7379e_5a20a994-8748-4a7e-8f60-452f4f3ce171 into tec
2026-02-10 11:24:04 | INFO     | api.core.milvus_client:insert:130 | Inserted document a9de4e91-961a-11ec-b060-6c92bfa7379e_54fb98eb-52c8-44e5-bb6b-450090604795 into tec
2026-02-10 11:24:14 | INFO     | api.core.milvus_client:insert:130 | Inserted document a85b287e-961a-11ec-b060-6c92bfa7379e_3c0f0600-554a-4430-a41f-6a20a53ef642 into tec
2026-02-10 11:24:24 | INFO     | api.core.milvus_client:insert:130 | Inserted document a6908622-95d4-11ec-b060-6c92bfa7379e_ca397792-0096-4e86-a160-a73fb68af068 into tec
2026-02-10 11:24:35 | INFO     | api.core.milvus_client:insert:130 | Inserted document a4bf62a9-961a-11ec-b060-6c92bfa7379e_cd36182e-e847-4491-aa88-b88ba3f6bda5 into tec
2026-02-10 11:24:45 | INFO     | api.core.milvus_client:insert:130 | Inserted document a57c35fc-961a-11ec-b060-6c92bfa7379e_6041845d-e665-4294-a43c-7ca2d671304f into tec
2026-02-10 11:24:56 | INFO     | api.core.milvus_client:insert:130 | Inserted document a6377deb-961a-11ec-b060-6c92bfa7379e_2ae9f14f-539c-4e60-9b27-047c730d5bbc into tec
2026-02-10 11:25:07 | INFO     | api.core.milvus_client:insert:130 | Inserted document a66c5ca4-95d4-11ec-b060-6c92bfa7379e_a4dc028f-ae6e-451d-865b-6899e62966be into tec
2026-02-10 11:25:17 | INFO     | api.core.milvus_client:insert:130 | Inserted document a9de4e91-961a-11ec-b060-6c92bfa7379e_26ffeeec-ceda-40f8-8ffb-b9abba6bde72 into tec
2026-02-10 11:25:28 | INFO     | api.core.milvus_client:insert:130 | Inserted document a9de4e91-961a-11ec-b060-6c92bfa7379e_0ed4a731-a3aa-42bf-890a-03b117edaecf into tec
2026-02-10 11:25:38 | INFO     | api.core.milvus_client:insert:130 | Inserted document a6a4d04d-95d4-11ec-b060-6c92bfa7379e_bb43133a-2040-4eb2-b3b6-7678e40ce129 into tec
2026-02-10 11:25:49 | INFO     | api.core.milvus_client:insert:130 | Inserted document a66c5ca4-95d4-11ec-b060-6c92bfa7379e_1637c178-0f8e-4cf4-98e4-07606658a6b2 into tec
2026-02-10 11:25:59 | INFO     | api.core.milvus_client:insert:130 | Inserted document a738db43-961a-11ec-b060-6c92bfa7379e_ccc70764-79ae-40e3-bd55-2aa3e2648197 into tec
2026-02-10 11:26:10 | INFO     | api.core.milvus_client:insert:130 | Inserted document a69e9b22-95d4-11ec-b060-6c92bfa7379e_e4a8a1ad-965f-4564-bf2f-eed03a4d47f7 into tec
2026-02-10 11:26:21 | INFO     | api.core.milvus_client:insert:130 | Inserted document a6a4d04d-95d4-11ec-b060-6c92bfa7379e_a46f4304-8963-4941-861d-940cacbed184 into tec
2026-02-10 11:26:31 | INFO     | api.core.milvus_client:insert:130 | Inserted document a6610f06-95d4-11ec-b060-6c92bfa7379e_9e7290f8-a671-4429-b387-c920fbd119b1 into tec
2026-02-10 11:26:42 | INFO     | api.core.milvus_client:insert:130 | Inserted document a614b754-961a-11ec-b060-6c92bfa7379e_e49cde70-21b7-45ec-809e-fddb7fb87ed4 into tec
2026-02-10 11:26:53 | INFO     | api.core.milvus_client:insert:130 | Inserted document a614b754-961a-11ec-b060-6c92bfa7379e_b89512c1-252f-42ff-93ab-f877e75abc9f into tec
2026-02-10 11:27:04 | INFO     | api.core.milvus_client:insert:130 | Inserted document a66ac45d-95d4-11ec-b060-6c92bfa7379e_6c781d11-cf0c-412b-92ee-29a0628e81f3 into tec
2026-02-10 11:27:14 | INFO     | api.core.milvus_client:insert:130 | Inserted document a61a69f5-961a-11ec-b060-6c92bfa7379e_5280c40f-db0e-417d-ac8d-7dd64987888b into tec
2026-02-10 11:27:24 | INFO     | api.core.milvus_client:insert:130 | Inserted document a9de4e91-961a-11ec-b060-6c92bfa7379e_e77e4c8c-d79a-425d-b905-4970b6f4b86a into tec
2026-02-10 11:27:35 | INFO     | api.core.milvus_client:insert:130 | Inserted document a694fcfb-95d4-11ec-b060-6c92bfa7379e_01a0854a-5237-405b-a22f-7da41e226883 into tec
2026-02-10 11:27:45 | INFO     | api.core.milvus_client:insert:130 | Inserted document a66c5ca4-95d4-11ec-b060-6c92bfa7379e_6d3645b6-5874-4277-aa41-b1e164c63b22 into tec
2026-02-10 11:27:56 | INFO     | api.core.milvus_client:insert:130 | Inserted document a650c8c1-961a-11ec-b060-6c92bfa7379e_519ebe32-46e5-45ab-8824-78ebad764d35 into tec
2026-02-10 11:28:06 | INFO     | api.core.milvus_client:insert:130 | Inserted document a50ed1fc-961a-11ec-b060-6c92bfa7379e_56b7e613-0fe8-4656-8f4c-498f23ec96b5 into tec
2026-02-10 11:28:17 | INFO     | api.core.milvus_client:insert:130 | Inserted document a57c35fc-961a-11ec-b060-6c92bfa7379e_6e89dce3-da0a-49d2-b5d2-b3cf4833d394 into tec
2026-02-10 11:28:28 | INFO     | api.core.milvus_client:insert:130 | Inserted document a614b754-961a-11ec-b060-6c92bfa7379e_adc1d2aa-8deb-4e70-aba1-c08aba54f271 into tec
2026-02-10 11:28:39 | INFO     | api.core.milvus_client:insert:130 | Inserted document a69096d2-95d4-11ec-b060-6c92bfa7379e_d5557d50-2fd4-4857-b15d-f85b807a982d into tec
2026-02-10 11:28:49 | INFO     | api.core.milvus_client:insert:130 | Inserted document a6c539a5-95d4-11ec-b060-6c92bfa7379e_6af81135-256a-4ccf-8a61-8597a0815153 into tec
2026-02-10 11:29:00 | INFO     | api.core.milvus_client:insert:130 | Inserted document a5b9bcc1-961a-11ec-b060-6c92bfa7379e_eca06ed6-698b-40a9-af9a-6ceace9d3c56 into tec
2026-02-10 11:29:11 | INFO     | api.core.milvus_client:insert:130 | Inserted document a85b287e-961a-11ec-b060-6c92bfa7379e_5f642395-f20a-4067-b208-cba53b1ec584 into tec
2026-02-10 11:29:22 | INFO     | api.core.milvus_client:insert:130 | Inserted document a6137914-961a-11ec-b060-6c92bfa7379e_4300ef9e-891a-4c9d-adfa-331a5356a662 into tec
2026-02-10 11:29:32 | INFO     | api.core.milvus_client:insert:130 | Inserted document a6544909-961a-11ec-b060-6c92bfa7379e_65f8482a-0f8b-4801-ae0c-e763016eb68e into tec
2026-02-10 11:29:43 | INFO     | api.core.milvus_client:insert:130 | Inserted document a69096d2-95d4-11ec-b060-6c92bfa7379e_6184de48-555f-4312-9d86-b756c0d21ad2 into tec
2026-02-10 11:29:44 | INFO     | api.main:lifespan:14 | Shutting down Intelligent Matching Engine API...
2026-02-10 11:29:51 | INFO     | api.main:lifespan:12 | Starting Intelligent Matching Engine API...
2026-02-10 11:29:53 | INFO     | api.core.milvus_client:insert:130 | Inserted document a83a0989-961a-11ec-b060-6c92bfa7379e_1972c21b-a10c-44eb-995f-dfd3c06e1e42 into tec
2026-02-10 11:30:00 | INFO     | api.main:lifespan:14 | Shutting down Intelligent Matching Engine API...
2026-02-10 11:30:04 | INFO     | api.main:lifespan:12 | Starting Intelligent Matching Engine API...
2026-02-10 11:30:04 | INFO     | api.core.milvus_client:insert:130 | Inserted document a8da1a23-961a-11ec-b060-6c92bfa7379e_f3b06714-e0b3-4f0e-b0c9-93c65b94985d into tec
2026-02-10 11:30:14 | INFO     | api.core.milvus_client:insert:130 | Inserted document a5e7b41d-961a-11ec-b060-6c92bfa7379e_5a7abb70-ea0f-46aa-a268-16f9dfcf4ff7 into tec
2026-02-10 11:30:25 | INFO     | api.core.milvus_client:insert:130 | Inserted document a51bb72c-961a-11ec-b060-6c92bfa7379e_40062c54-dad1-43bb-8681-e8f23d9c8a8b into tec
2026-02-10 11:30:36 | INFO     | api.core.milvus_client:insert:130 | Inserted document a83a0989-961a-11ec-b060-6c92bfa7379e_05fd998a-d992-4709-b51d-4bda224b0ea3 into tec
2026-02-10 11:30:41 | INFO     | api.main:lifespan:14 | Shutting down Intelligent Matching Engine API...
2026-02-10 11:30:46 | INFO     | api.main:lifespan:12 | Starting Intelligent Matching Engine API...
2026-02-10 11:30:46 | INFO     | api.core.milvus_client:insert:130 | Inserted document a69096d2-95d4-11ec-b060-6c92bfa7379e_a6e7d695-454b-489d-bb07-d6fd3d000af1 into tec
2026-02-10 11:30:57 | INFO     | api.core.milvus_client:insert:130 | Inserted document a694fcfb-95d4-11ec-b060-6c92bfa7379e_dd1d20fd-e843-476d-acf8-36a31f510e04 into tec
2026-02-10 11:31:07 | INFO     | api.core.milvus_client:insert:130 | Inserted document a614b754-961a-11ec-b060-6c92bfa7379e_a97e202a-4d0d-49c7-beac-1bb8676842c8 into tec
2026-02-10 11:31:18 | INFO     | api.core.milvus_client:insert:130 | Inserted document a738db43-961a-11ec-b060-6c92bfa7379e_3fc0bc2b-aa80-4919-95c5-deff3241f342 into tec
2026-02-10 11:31:28 | INFO     | api.core.milvus_client:insert:130 | Inserted document a6a4d04d-95d4-11ec-b060-6c92bfa7379e_c9674c9a-67de-419d-a211-06796a70a22c into tec
2026-02-10 11:31:39 | INFO     | api.core.milvus_client:insert:130 | Inserted document a63ff7fe-961a-11ec-b060-6c92bfa7379e_26fad5ff-2d42-4940-a37e-270ba8c280e6 into tec
2026-02-10 11:31:49 | INFO     | api.core.milvus_client:insert:130 | Inserted document a912a3da-961a-11ec-b060-6c92bfa7379e_e2b787b3-02f3-44d0-8448-d0573b8ec19e into tec
2026-02-10 11:32:36 | INFO     | __main__:get_existing_ids:64 | Found 327 existing IDs in ime_tec
2026-02-10 11:32:51 | INFO     | api.core.milvus_client:connect:40 | Connected to Milvus at 192.168.15.111:19530
2026-02-10 11:32:54 | INFO     | api.core.milvus_client:insert_batch:159 | Batch inserted 100 documents into tec
2026-02-10 11:33:01 | INFO     | api.core.milvus_client:insert_batch:159 | Batch inserted 100 documents into tec
2026-02-10 11:33:11 | INFO     | api.core.milvus_client:insert_batch:159 | Batch inserted 100 documents into tec
2026-02-10 11:33:22 | INFO     | api.core.milvus_client:insert_batch:159 | Batch inserted 100 documents into tec
2026-02-10 11:33:33 | INFO     | api.core.milvus_client:insert_batch:159 | Batch inserted 100 documents into tec
2026-02-10 11:33:43 | INFO     | api.core.milvus_client:insert_batch:159 | Batch inserted 100 documents into tec
2026-02-10 11:33:52 | INFO     | api.core.milvus_client:insert_batch:159 | Batch inserted 100 documents into tec
2026-02-10 11:34:03 | INFO     | api.core.milvus_client:insert_batch:159 | Batch inserted 100 documents into tec
2026-02-10 11:34:19 | INFO     | api.main:add_request_id:35 | [dea9f72f] POST /api/v1/match
2026-02-10 11:34:19 | INFO     | api.core.milvus_client:connect:40 | Connected to Milvus at 192.168.15.111:19530
2026-02-10 11:34:19 | INFO     | api.core.matcher:match:94 | tec: 10 results, 10 after threshold filter
2026-02-10 11:34:19 | INFO     | api.routers.match:match_resources:73 | [dea9f72f] Match completed: 10 results in 364ms
2026-02-10 11:34:24 | INFO     | api.core.milvus_client:insert_batch:159 | Batch inserted 100 documents into tec
2026-02-10 11:34:33 | INFO     | api.core.milvus_client:insert_batch:159 | Batch inserted 100 documents into tec
2026-02-10 11:34:44 | INFO     | api.core.milvus_client:insert_batch:159 | Batch inserted 100 documents into tec
2026-02-10 11:34:54 | INFO     | api.core.milvus_client:insert_batch:159 | Batch inserted 100 documents into tec
2026-02-10 11:35:06 | INFO     | api.core.milvus_client:insert_batch:159 | Batch inserted 100 documents into tec
2026-02-10 11:35:16 | INFO     | api.core.milvus_client:insert_batch:159 | Batch inserted 100 documents into tec
2026-02-10 11:35:26 | INFO     | api.core.milvus_client:insert_batch:159 | Batch inserted 100 documents into tec
2026-02-10 11:35:36 | INFO     | api.core.milvus_client:insert_batch:159 | Batch inserted 100 documents into tec
2026-02-10 11:35:46 | INFO     | api.core.milvus_client:insert_batch:159 | Batch inserted 100 documents into tec
2026-02-10 11:35:57 | INFO     | api.core.milvus_client:insert_batch:159 | Batch inserted 100 documents into tec
2026-02-10 11:36:07 | INFO     | api.core.milvus_client:insert_batch:159 | Batch inserted 100 documents into tec
2026-02-10 11:36:18 | INFO     | api.core.milvus_client:insert_batch:159 | Batch inserted 100 documents into tec
2026-02-10 11:36:28 | INFO     | api.core.milvus_client:insert_batch:159 | Batch inserted 100 documents into tec
2026-02-10 11:36:37 | INFO     | api.core.milvus_client:insert_batch:159 | Batch inserted 100 documents into tec
2026-02-10 11:36:48 | INFO     | api.core.milvus_client:insert_batch:159 | Batch inserted 100 documents into tec
2026-02-10 11:36:58 | INFO     | api.core.milvus_client:insert_batch:159 | Batch inserted 100 documents into tec
2026-02-10 11:37:08 | INFO     | api.core.milvus_client:insert_batch:159 | Batch inserted 100 documents into tec
2026-02-10 11:37:18 | INFO     | api.core.milvus_client:insert_batch:159 | Batch inserted 100 documents into tec
2026-02-10 11:37:28 | INFO     | api.core.milvus_client:insert_batch:159 | Batch inserted 100 documents into tec
2026-02-10 11:37:38 | INFO     | api.core.milvus_client:insert_batch:159 | Batch inserted 100 documents into tec
2026-02-10 11:37:49 | INFO     | api.core.milvus_client:insert_batch:159 | Batch inserted 100 documents into tec
2026-02-10 11:37:59 | INFO     | api.core.milvus_client:insert_batch:159 | Batch inserted 100 documents into tec
2026-02-10 11:38:05 | ERROR    | api.core.embedding:get_embeddings_batch:139 | Batch embedding error: Error code: 500 - {'error': {'message': ' (request id: 2026021011380398387644060628276)', 'type': 'upstream_error', 'param': '500', 'code': 'bad_response_status_code'}}
2026-02-10 11:38:05 | ERROR    | __main__:process_batch:134 | Batch processing error: Error code: 500 - {'error': {'message': ' (request id: 2026021011380398387644060628276)', 'type': 'upstream_error', 'param': '500', 'code': 'bad_response_status_code'}}
2026-02-10 11:38:11 | INFO     | api.core.milvus_client:insert_batch:159 | Batch inserted 100 documents into tec
2026-02-10 11:38:21 | INFO     | api.core.milvus_client:insert_batch:159 | Batch inserted 100 documents into tec
2026-02-10 11:38:31 | INFO     | api.core.milvus_client:insert_batch:159 | Batch inserted 100 documents into tec
2026-02-10 11:38:42 | INFO     | api.core.milvus_client:insert_batch:159 | Batch inserted 100 documents into tec
2026-02-10 11:38:52 | INFO     | api.core.milvus_client:insert_batch:159 | Batch inserted 100 documents into tec
2026-02-10 11:39:03 | INFO     | api.core.milvus_client:insert_batch:159 | Batch inserted 100 documents into tec
2026-02-10 11:39:13 | INFO     | api.core.milvus_client:insert_batch:159 | Batch inserted 100 documents into tec
2026-02-10 11:39:23 | INFO     | api.core.milvus_client:insert_batch:159 | Batch inserted 100 documents into tec
2026-02-10 11:39:33 | INFO     | api.core.milvus_client:insert_batch:159 | Batch inserted 100 documents into tec
2026-02-10 11:39:43 | INFO     | api.core.milvus_client:insert_batch:159 | Batch inserted 100 documents into tec
2026-02-10 11:39:54 | INFO     | api.core.milvus_client:insert_batch:159 | Batch inserted 100 documents into tec
2026-02-10 11:40:03 | INFO     | api.core.milvus_client:insert_batch:159 | Batch inserted 100 documents into tec
2026-02-10 11:40:13 | INFO     | api.core.milvus_client:insert_batch:159 | Batch inserted 100 documents into tec
2026-02-10 11:40:23 | INFO     | api.core.milvus_client:insert_batch:159 | Batch inserted 100 documents into tec
2026-02-10 11:40:29 | ERROR    | api.core.embedding:get_embeddings_batch:139 | Batch embedding error: Error code: 500 - {'error': {'message': ' (request id: 202602101140283563326143386190)', 'type': 'upstream_error', 'param': '500', 'code': 'bad_response_status_code'}}
2026-02-10 11:40:29 | ERROR    | __main__:process_batch:134 | Batch processing error: Error code: 500 - {'error': {'message': ' (request id: 202602101140283563326143386190)', 'type': 'upstream_error', 'param': '500', 'code': 'bad_response_status_code'}}
2026-02-10 11:40:35 | INFO     | api.core.milvus_client:insert_batch:159 | Batch inserted 100 documents into tec
2026-02-10 11:40:45 | INFO     | api.core.milvus_client:insert_batch:159 | Batch inserted 100 documents into tec
2026-02-10 11:40:54 | INFO     | api.core.milvus_client:insert_batch:159 | Batch inserted 100 documents into tec
2026-02-10 11:41:04 | INFO     | api.core.milvus_client:insert_batch:159 | Batch inserted 100 documents into tec
2026-02-10 11:41:14 | INFO     | api.core.milvus_client:insert_batch:159 | Batch inserted 100 documents into tec
2026-02-10 11:41:24 | INFO     | api.core.milvus_client:insert_batch:159 | Batch inserted 100 documents into tec
2026-02-10 11:41:34 | INFO     | api.core.milvus_client:insert_batch:159 | Batch inserted 100 documents into tec
2026-02-10 11:41:45 | INFO     | api.core.milvus_client:insert_batch:159 | Batch inserted 100 documents into tec
2026-02-10 11:41:55 | INFO     | api.core.milvus_client:insert_batch:159 | Batch inserted 100 documents into tec
2026-02-10 11:42:05 | INFO     | api.core.milvus_client:insert_batch:159 | Batch inserted 100 documents into tec
2026-02-10 11:42:15 | INFO     | api.core.milvus_client:insert_batch:159 | Batch inserted 100 documents into tec
2026-02-10 11:42:25 | INFO     | api.core.milvus_client:insert_batch:159 | Batch inserted 100 documents into tec
2026-02-10 11:42:35 | INFO     | api.core.milvus_client:insert_batch:159 | Batch inserted 100 documents into tec
2026-02-10 11:42:45 | INFO     | api.core.milvus_client:insert_batch:159 | Batch inserted 100 documents into tec
2026-02-10 11:42:55 | INFO     | api.core.milvus_client:insert_batch:159 | Batch inserted 100 documents into tec
2026-02-10 11:43:06 | INFO     | api.core.milvus_client:insert_batch:159 | Batch inserted 100 documents into tec
2026-02-10 11:43:16 | INFO     | api.core.milvus_client:insert_batch:159 | Batch inserted 100 documents into tec
2026-02-10 11:43:27 | INFO     | api.core.milvus_client:insert_batch:159 | Batch inserted 100 documents into tec
2026-02-10 11:43:38 | INFO     | api.core.milvus_client:insert_batch:159 | Batch inserted 100 documents into tec
2026-02-10 11:43:48 | INFO     | api.core.milvus_client:insert_batch:159 | Batch inserted 100 documents into tec
2026-02-10 11:43:59 | INFO     | api.core.milvus_client:insert_batch:159 | Batch inserted 100 documents into tec
2026-02-10 11:44:09 | INFO     | api.core.milvus_client:insert_batch:159 | Batch inserted 100 documents into tec
2026-02-10 11:44:13 | INFO     | api.main:add_request_id:35 | [b45a3753] GET /docs
2026-02-10 11:44:13 | INFO     | api.main:lifespan:14 | Shutting down Intelligent Matching Engine API...
2026-02-10 11:44:17 | INFO     | api.main:lifespan:12 | Starting Intelligent Matching Engine API...
2026-02-10 11:44:17 | INFO     | api.main:add_request_id:35 | [7595f28b] GET /openapi.json
2026-02-10 11:44:19 | INFO     | api.core.milvus_client:insert_batch:159 | Batch inserted 100 documents into tec
2026-02-10 11:44:25 | INFO     | api.main:add_request_id:35 | [7544e06d] GET /api/v1/data/stats
2026-02-10 11:44:25 | INFO     | api.core.milvus_client:connect:40 | Connected to Milvus at 192.168.15.111:19530
2026-02-10 11:44:25 | INFO     | api.routers.data:get_stats:204 | [7544e06d] Stats query completed: total 7029 records
2026-02-10 11:44:30 | INFO     | api.core.milvus_client:insert_batch:159 | Batch inserted 100 documents into tec
2026-02-10 11:44:40 | INFO     | api.core.milvus_client:insert_batch:159 | Batch inserted 100 documents into tec
2026-02-10 11:44:50 | INFO     | api.core.milvus_client:insert_batch:159 | Batch inserted 100 documents into tec
2026-02-10 11:45:00 | INFO     | api.core.milvus_client:insert_batch:159 | Batch inserted 100 documents into tec
2026-02-10 11:45:11 | INFO     | api.core.milvus_client:insert_batch:159 | Batch inserted 100 documents into tec
2026-02-10 11:45:18 | INFO     | api.main:lifespan:14 | Shutting down Intelligent Matching Engine API...
2026-02-10 11:45:22 | INFO     | api.core.milvus_client:insert_batch:159 | Batch inserted 100 documents into tec
2026-02-10 11:45:22 | INFO     | api.main:lifespan:12 | Starting Intelligent Matching Engine API...
2026-02-10 11:45:32 | INFO     | api.core.milvus_client:insert_batch:159 | Batch inserted 100 documents into tec
2026-02-10 11:45:43 | INFO     | api.core.milvus_client:insert_batch:159 | Batch inserted 100 documents into tec
2026-02-10 11:45:53 | INFO     | api.core.milvus_client:insert_batch:159 | Batch inserted 100 documents into tec
2026-02-10 11:46:04 | INFO     | api.core.milvus_client:insert_batch:159 | Batch inserted 100 documents into tec
2026-02-10 11:46:31 | INFO     | __main__:get_existing_ids:64 | Found 8027 existing IDs in ime_tec
2026-02-10 11:46:49 | ERROR    | api.core.embedding:get_embeddings_batch:139 | Batch embedding error: Error code: 500 - {'error': {'message': ' (request id: 2026021011464561632505042947606)', 'type': 'upstream_error', 'param': '500', 'code': 'bad_response_status_code'}}
2026-02-10 11:46:49 | ERROR    | __main__:process_batch:134 | Batch processing error: Error code: 500 - {'error': {'message': ' (request id: 2026021011464561632505042947606)', 'type': 'upstream_error', 'param': '500', 'code': 'bad_response_status_code'}}
2026-02-10 11:46:53 | INFO     | api.core.milvus_client:connect:40 | Connected to Milvus at 192.168.15.111:19530
2026-02-10 11:47:25 | INFO     | api.main:add_request_id:35 | [686d455a] GET /api/v1/data/stats
2026-02-10 11:47:25 | INFO     | api.core.milvus_client:connect:40 | Connected to Milvus at 192.168.15.111:19530
2026-02-10 11:47:25 | INFO     | api.routers.data:get_stats:204 | [686d455a] Stats query completed: total 8829 records
2026-02-10 11:58:42 | ERROR    | api.core.embedding:get_embeddings_batch:139 | Batch embedding error: Error code: 500 - {'error': {'message': ' (request id: 2026021011583867134946670860313)', 'type': 'upstream_error', 'param': '500', 'code': 'bad_response_status_code'}}
2026-02-10 11:58:42 | ERROR    | __main__:process_batch:134 | Batch processing error: Error code: 500 - {'error': {'message': ' (request id: 2026021011583867134946670860313)', 'type': 'upstream_error', 'param': '500', 'code': 'bad_response_status_code'}}
2026-02-10 12:11:59 | ERROR    | api.core.embedding:get_embeddings_batch:139 | Batch embedding error: Error code: 500 - {'error': {'message': ' (request id: 2026021012115612120633809726781)', 'type': 'upstream_error', 'param': '500', 'code': 'bad_response_status_code'}}
2026-02-10 12:11:59 | ERROR    | __main__:process_batch:134 | Batch processing error: Error code: 500 - {'error': {'message': ' (request id: 2026021012115612120633809726781)', 'type': 'upstream_error', 'param': '500', 'code': 'bad_response_status_code'}}
2026-02-10 12:29:03 | ERROR    | api.core.embedding:get_embeddings_batch:139 | Batch embedding error: Error code: 500 - {'error': {'message': ' (request id: 202602101229009281724093718525)', 'type': 'upstream_error', 'param': '500', 'code': 'bad_response_status_code'}}
2026-02-10 12:29:03 | ERROR    | __main__:process_batch:134 | Batch processing error: Error code: 500 - {'error': {'message': ' (request id: 202602101229009281724093718525)', 'type': 'upstream_error', 'param': '500', 'code': 'bad_response_status_code'}}
2026-02-10 12:54:01 | INFO     | api.main:add_request_id:35 | [cfcca65d] GET /api/v1/data/stats
2026-02-10 12:54:02 | INFO     | api.routers.data:get_stats:204 | [cfcca65d] Stats query completed: total 59574 records
2026-02-10 12:56:51 | INFO     | api.main:add_request_id:35 | [929cd26d] GET /api/v1/data/stats
2026-02-10 12:56:51 | INFO     | api.routers.data:get_stats:204 | [929cd26d] Stats query completed: total 59574 records
2026-02-10 12:57:14 | WARNING  | __main__:get_existing_ids:67 | Failed to get existing IDs: <MilvusException: (code=65535, message=invalid max query result window, (offset+limit) should be in range [1, 16384], but got 17000)>
2026-02-10 12:57:39 | WARNING  | __main__:get_existing_ids:67 | Failed to get existing IDs: <MilvusException: (code=65535, message=invalid max query result window, (offset+limit) should be in range [1, 16384], but got 17000)>
2026-02-10 12:58:49 | INFO     | api.main:lifespan:14 | Shutting down Intelligent Matching Engine API...
2026-02-10 12:58:58 | INFO     | api.main:lifespan:12 | Starting Intelligent Matching Engine API...
2026-02-10 13:03:34 | INFO     | api.main:add_request_id:35 | [df4577b8] POST /api/v1/match
2026-02-10 13:03:34 | INFO     | api.core.milvus_client:connect:40 | Connected to Milvus at 192.168.15.111:19530
2026-02-10 13:03:37 | INFO     | api.core.matcher:match:94 | tec: 10 results, 10 after threshold filter
2026-02-10 13:03:37 | INFO     | api.routers.match:match_resources:73 | [df4577b8] Match completed: 10 results in 3119ms
2026-02-10 13:33:39 | INFO     | api.main:lifespan:14 | Shutting down Intelligent Matching Engine API...
2026-02-10 13:33:43 | INFO     | api.main:lifespan:12 | Starting Intelligent Matching Engine API...
2026-02-10 13:33:49 | INFO     | api.main:lifespan:14 | Shutting down Intelligent Matching Engine API...
2026-02-10 13:33:52 | INFO     | api.main:lifespan:12 | Starting Intelligent Matching Engine API...
2026-02-10 13:36:08 | INFO     | api.main:add_request_id:35 | [0b7c1332] POST /api/v1/match
2026-02-10 13:36:08 | INFO     | api.core.milvus_client:connect:40 | Connected to Milvus at 192.168.15.111:19530
2026-02-10 13:36:09 | INFO     | api.core.matcher:match:94 | tec: 10 results, 10 after threshold filter
2026-02-10 13:36:09 | INFO     | api.routers.match:match_resources:73 | [0b7c1332] Match completed: 10 results in 313ms
2026-02-10 13:36:09 | INFO     | api.main:lifespan:14 | Shutting down Intelligent Matching Engine API...
2026-02-10 13:36:13 | INFO     | api.main:lifespan:12 | Starting Intelligent Matching Engine API...
2026-02-10 13:36:28 | INFO     | api.main:add_request_id:35 | [30aedacb] POST /api/v1/match
2026-02-10 13:36:34 | INFO     | api.core.milvus_client:connect:40 | Connected to Milvus at 192.168.15.111:19530
2026-02-10 13:36:34 | INFO     | api.core.matcher:match:94 | tec: 10 results, 10 after threshold filter
2026-02-10 13:36:34 | INFO     | api.routers.match:match_resources:73 | [30aedacb] Match completed: 10 results in 5203ms
2026-02-10 13:37:00 | INFO     | api.main:add_request_id:35 | [66ebef2e] POST /api/v1/match
2026-02-10 13:37:00 | INFO     | api.core.matcher:match:94 | tec: 10 results, 10 after threshold filter
2026-02-10 13:37:00 | INFO     | api.routers.match:match_resources:73 | [66ebef2e] Match completed: 10 results in 15ms
2026-02-10 13:39:14 | INFO     | api.main:add_request_id:35 | [716a063c] GET /api/v1/match
2026-02-10 13:41:34 | INFO     | api.main:lifespan:14 | Shutting down Intelligent Matching Engine API...
2026-02-10 13:41:38 | INFO     | api.main:lifespan:12 | Starting Intelligent Matching Engine API...
2026-02-10 13:42:56 | INFO     | api.main:lifespan:14 | Shutting down Intelligent Matching Engine API...
2026-02-10 13:43:00 | INFO     | api.main:lifespan:12 | Starting Intelligent Matching Engine API...
2026-02-10 13:46:09 | INFO     | api.main:add_request_id:35 | [9488aba4] POST /api/v1/match
2026-02-10 13:46:10 | INFO     | api.core.milvus_client:connect:40 | Connected to Milvus at 192.168.15.111:19530
2026-02-10 13:46:10 | INFO     | api.core.matcher:match:94 | tec: 10 results, 10 after threshold filter
2026-02-10 13:46:10 | INFO     | api.routers.match:match_resources:73 | [9488aba4] Match completed: 10 results in 361ms
2026-02-10 13:46:23 | INFO     | api.main:add_request_id:35 | [5ebca188] POST /api/v1/match
2026-02-10 13:46:23 | INFO     | api.routers.match:match_resources:73 | [5ebca188] Match completed: 10 results in 1ms
2026-02-10 13:46:48 | INFO     | api.main:add_request_id:35 | [6db677fb] POST /api/v1/match
2026-02-10 13:46:56 | INFO     | api.core.matcher:match:94 | tec: 10 results, 10 after threshold filter
2026-02-10 13:46:56 | INFO     | api.routers.match:match_resources:73 | [6db677fb] Match completed: 10 results in 7994ms
2026-02-10 13:47:55 | INFO     | api.main:add_request_id:35 | [d908f875] POST /api/v1/match
2026-02-10 13:47:57 | INFO     | api.core.matcher:match:94 | tec: 10 results, 10 after threshold filter
2026-02-10 13:47:57 | INFO     | api.routers.match:match_resources:73 | [d908f875] Match completed: 10 results in 2242ms
2026-02-10 13:48:50 | INFO     | api.main:add_request_id:35 | [527fcf63] POST /api/v1/match
2026-02-10 13:48:56 | INFO     | api.core.matcher:match:94 | tec: 10 results, 10 after threshold filter
2026-02-10 13:48:56 | INFO     | api.routers.match:match_resources:73 | [527fcf63] Match completed: 10 results in 5409ms
2026-02-10 13:49:39 | INFO     | api.main:add_request_id:35 | [bda5e55e] POST /api/v1/match
2026-02-10 13:49:40 | INFO     | api.core.matcher:match:94 | tec: 10 results, 10 after threshold filter
2026-02-10 13:49:40 | INFO     | api.routers.match:match_resources:73 | [bda5e55e] Match completed: 10 results in 1596ms
2026-02-10 13:49:47 | INFO     | api.main:lifespan:14 | Shutting down Intelligent Matching Engine API...
2026-02-10 13:50:28 | INFO     | api.main:lifespan:12 | Starting Intelligent Matching Engine API...
2026-02-10 13:50:38 | INFO     | api.main:add_request_id:35 | [9d68b744] POST /api/v1/match
2026-02-10 13:50:40 | INFO     | api.core.milvus_client:connect:40 | Connected to Milvus at 192.168.15.111:19530
2026-02-10 13:50:40 | INFO     | api.core.matcher:match:94 | tec: 10 results, 10 after threshold filter
2026-02-10 13:50:40 | INFO     | api.routers.match:match_resources:73 | [9d68b744] Match completed: 10 results in 2375ms
2026-02-10 13:52:12 | INFO     | api.main:lifespan:14 | Shutting down Intelligent Matching Engine API...
2026-02-10 13:52:15 | INFO     | api.main:lifespan:12 | Starting Intelligent Matching Engine API...
2026-02-10 13:52:25 | INFO     | api.main:lifespan:14 | Shutting down Intelligent Matching Engine API...
2026-02-10 13:52:29 | INFO     | api.main:lifespan:12 | Starting Intelligent Matching Engine API...
2026-02-10 13:53:00 | INFO     | api.main:lifespan:14 | Shutting down Intelligent Matching Engine API...
2026-02-10 13:53:07 | INFO     | api.main:lifespan:12 | Starting Intelligent Matching Engine API...
2026-02-10 13:55:29 | INFO     | api.main:add_request_id:35 | [7c1278c4] GET /health
2026-02-10 13:55:30 | INFO     | api.main:lifespan:14 | Shutting down Intelligent Matching Engine API...
2026-02-10 13:55:33 | INFO     | api.main:lifespan:12 | Starting Intelligent Matching Engine API...
2026-02-10 13:55:44 | INFO     | api.main:lifespan:14 | Shutting down Intelligent Matching Engine API...
2026-02-10 13:55:47 | INFO     | api.main:lifespan:12 | Starting Intelligent Matching Engine API...
2026-02-10 13:55:54 | INFO     | api.main:lifespan:14 | Shutting down Intelligent Matching Engine API...
2026-02-10 13:55:57 | INFO     | api.main:lifespan:12 | Starting Intelligent Matching Engine API...
2026-02-10 13:56:42 | INFO     | api.main:add_request_id:35 | [05f4f8fc] POST /api/v1/match
2026-02-10 13:56:47 | INFO     | api.core.milvus_client:connect:40 | Connected to Milvus at 192.168.15.111:19530
2026-02-10 13:56:47 | INFO     | api.core.matcher:match:94 | tec: 10 results, 10 after threshold filter
2026-02-10 13:56:47 | INFO     | api.routers.match:match_resources:73 | [05f4f8fc] Match completed: 10 results in 4764ms
2026-02-10 14:00:14 | INFO     | api.main:add_request_id:35 | [6496e8f6] POST /api/v1/match
2026-02-10 14:00:14 | INFO     | api.core.matcher:match:94 | tec: 10 results, 10 after threshold filter
2026-02-10 14:00:14 | INFO     | api.routers.match:match_resources:73 | [6496e8f6] Match completed: 10 results in 13ms
2026-02-10 14:00:14 | INFO     | api.main:lifespan:14 | Shutting down Intelligent Matching Engine API...
2026-02-10 14:00:17 | INFO     | api.main:lifespan:12 | Starting Intelligent Matching Engine API...
2026-02-10 14:01:34 | INFO     | api.main:add_request_id:35 | [399c23b1] POST /api/v1/match
2026-02-10 14:01:37 | INFO     | api.core.milvus_client:connect:40 | Connected to Milvus at 192.168.15.111:19530
2026-02-10 14:01:37 | INFO     | api.core.matcher:match:94 | expert: 2 results, 0 after threshold filter
2026-02-10 14:01:39 | INFO     | api.core.milvus_client:get_or_create_collection:100 | Created collection: ime_project
2026-02-10 14:01:39 | INFO     | api.core.matcher:match:94 | project: 0 results, 0 after threshold filter
2026-02-10 14:01:39 | INFO     | api.routers.match:match_resources:73 | [399c23b1] Match completed: 0 results in 4913ms
2026-02-10 14:03:14 | INFO     | api.main:add_request_id:35 | [de31fc2d] POST /api/v1/match
2026-02-10 14:03:17 | INFO     | api.core.matcher:match:94 | expert: 0 results, 0 after threshold filter
2026-02-10 14:03:17 | INFO     | api.core.matcher:match:94 | project: 0 results, 0 after threshold filter
2026-02-10 14:03:17 | INFO     | api.routers.match:match_resources:73 | [de31fc2d] Match completed: 0 results in 2716ms
2026-02-10 14:04:57 | INFO     | api.main:add_request_id:35 | [6b99d849] POST /api/v1/match
2026-02-10 14:05:00 | INFO     | api.core.matcher:match:94 | expert: 0 results, 0 after threshold filter
2026-02-10 14:05:00 | INFO     | api.core.matcher:match:94 | project: 0 results, 0 after threshold filter
2026-02-10 14:05:00 | INFO     | api.routers.match:match_resources:73 | [6b99d849] Match completed: 0 results in 3704ms
2026-02-10 14:07:57 | INFO     | api.main:add_request_id:35 | [cdbe95b5] POST /api/v1/match
2026-02-10 14:07:57 | INFO     | api.core.matcher:match:94 | tec: 10 results, 10 after threshold filter
2026-02-10 14:07:57 | INFO     | api.routers.match:match_resources:73 | [cdbe95b5] Match completed: 10 results in 38ms
2026-02-10 14:08:08 | INFO     | api.main:add_request_id:35 | [d0f98f4e] POST /api/v1/match
2026-02-10 14:08:08 | INFO     | api.core.matcher:match:94 | tec: 7 results, 7 after threshold filter
2026-02-10 14:08:08 | INFO     | api.routers.match:match_resources:73 | [d0f98f4e] Match completed: 7 results in 13ms
2026-02-10 14:08:20 | INFO     | api.main:add_request_id:35 | [57e6a987] POST /api/v1/match
2026-02-10 14:08:21 | INFO     | api.core.matcher:match:94 | tec: 10 results, 10 after threshold filter
2026-02-10 14:08:21 | INFO     | api.routers.match:match_resources:73 | [57e6a987] Match completed: 10 results in 1726ms
2026-02-10 14:13:31 | INFO     | api.main:add_request_id:35 | [52a368ce] POST /api/v1/match
2026-02-10 14:13:36 | INFO     | api.core.matcher:match:94 | tec: 10 results, 10 after threshold filter
2026-02-10 14:13:36 | INFO     | api.routers.match:match_resources:73 | [52a368ce] Match completed: 10 results in 4667ms
2026-02-10 14:24:15 | INFO     | api.main:add_request_id:35 | [bf4bd863] POST /api/v1/match
2026-02-10 14:24:19 | INFO     | api.core.matcher:match:94 | tec: 10 results, 10 after threshold filter
2026-02-10 14:24:19 | INFO     | api.routers.match:match_resources:73 | [bf4bd863] Match completed: 10 results in 3989ms
2026-02-10 14:42:15 | INFO     | api.main:add_request_id:35 | [531a44ab] GET /api/v1/data/stats
2026-02-10 14:42:16 | INFO     | api.routers.data:get_stats:204 | [531a44ab] Stats query completed: total 2 records
2026-02-10 14:43:10 | INFO     | api.core.milvus_client:connect:40 | Connected to Milvus at 192.168.15.111:19530
2026-02-10 14:43:12 | INFO     | api.core.milvus_client:get_or_create_collection:100 | Created collection: ime_tec
2026-02-10 14:43:16 | INFO     | api.core.milvus_client:insert_batch:206 | Batch inserted 300 documents into tec
2026-02-10 14:43:26 | INFO     | api.core.milvus_client:insert_batch:206 | Batch inserted 300 documents into tec
2026-02-10 14:43:37 | INFO     | api.core.milvus_client:insert_batch:206 | Batch inserted 300 documents into tec
2026-02-10 14:43:49 | INFO     | api.core.milvus_client:insert_batch:206 | Batch inserted 300 documents into tec
2026-02-10 14:43:57 | INFO     | api.main:lifespan:14 | Shutting down Intelligent Matching Engine API...
2026-02-10 14:44:01 | INFO     | api.core.milvus_client:insert_batch:206 | Batch inserted 300 documents into tec
2026-02-10 14:44:02 | INFO     | api.main:lifespan:12 | Starting Intelligent Matching Engine API...
2026-02-10 14:44:11 | INFO     | api.core.milvus_client:insert_batch:206 | Batch inserted 300 documents into tec
2026-02-10 14:44:22 | INFO     | api.core.milvus_client:insert_batch:206 | Batch inserted 300 documents into tec
2026-02-10 14:44:32 | INFO     | api.core.milvus_client:insert_batch:206 | Batch inserted 300 documents into tec
2026-02-10 14:44:44 | INFO     | api.core.milvus_client:insert_batch:206 | Batch inserted 300 documents into tec
2026-02-10 14:45:01 | ERROR    | api.core.embedding:get_embeddings_batch:139 | Batch embedding error: Error code: 500 - {'error': {'message': ' (request id: 202602101444566502328497284901)', 'type': 'upstream_error', 'param': '500', 'code': 'bad_response_status_code'}}
2026-02-10 14:45:01 | ERROR    | __main__:process_batch:134 | Batch processing error: Error code: 500 - {'error': {'message': ' (request id: 202602101444566502328497284901)', 'type': 'upstream_error', 'param': '500', 'code': 'bad_response_status_code'}}
2026-02-10 14:45:11 | INFO     | api.core.milvus_client:insert_batch:206 | Batch inserted 300 documents into tec
2026-02-10 14:45:21 | INFO     | api.core.milvus_client:insert_batch:206 | Batch inserted 300 documents into tec
2026-02-10 14:45:33 | INFO     | __main__:get_existing_ids:64 | Found 3300 existing IDs in ime_tec
2026-02-10 14:45:43 | INFO     | api.core.milvus_client:connect:40 | Connected to Milvus at 192.168.15.111:19530
2026-02-10 14:45:58 | ERROR    | api.core.embedding:get_embeddings_batch:139 | Batch embedding error: Error code: 500 - {'error': {'message': ' (request id: 2026021014455457466511699724953)', 'type': 'upstream_error', 'param': '500', 'code': 'bad_response_status_code'}}
2026-02-10 14:45:58 | ERROR    | __main__:process_batch:134 | Batch processing error: Error code: 500 - {'error': {'message': ' (request id: 2026021014455457466511699724953)', 'type': 'upstream_error', 'param': '500', 'code': 'bad_response_status_code'}}
2026-02-10 14:52:30 | INFO     | api.main:add_request_id:35 | [a277a9bf] GET /api/v1/data/stats
2026-02-10 14:52:30 | INFO     | api.core.milvus_client:connect:40 | Connected to Milvus at 192.168.15.111:19530
2026-02-10 14:52:30 | INFO     | api.routers.data:get_stats:204 | [a277a9bf] Stats query completed: total 10902 records
2026-02-10 14:53:29 | INFO     | api.main:add_request_id:35 | [4768afd2] GET /api/v1/data/stats
2026-02-10 14:53:29 | INFO     | api.routers.data:get_stats:204 | [4768afd2] Stats query completed: total 12102 records
2026-02-10 14:56:18 | ERROR    | api.core.embedding:get_embeddings_batch:139 | Batch embedding error: Error code: 500 - {'error': {'message': ' (request id: 2026021014561480560623369082243)', 'type': 'upstream_error', 'param': '500', 'code': 'bad_response_status_code'}}
2026-02-10 14:56:18 | ERROR    | __main__:process_batch:134 | Batch processing error: Error code: 500 - {'error': {'message': ' (request id: 2026021014561480560623369082243)', 'type': 'upstream_error', 'param': '500', 'code': 'bad_response_status_code'}}
2026-02-10 14:58:11 | INFO     | api.main:add_request_id:35 | [59f86ff4] GET /api/v1/data/stats
2026-02-10 14:58:11 | INFO     | api.routers.data:get_stats:204 | [59f86ff4] Stats query completed: total 17302 records
2026-02-10 14:59:04 | INFO     | __main__:get_existing_ids:64 | Found 18100 existing IDs in ime_tec
2026-02-10 14:59:30 | ERROR    | api.core.embedding:get_embeddings_batch:139 | Batch embedding error: Error code: 500 - {'error': {'message': ' (request id: 2026021014592374715866845004085)', 'type': 'upstream_error', 'param': '500', 'code': 'bad_response_status_code'}}
2026-02-10 14:59:30 | ERROR    | __main__:process_batch:134 | Batch processing error: Error code: 500 - {'error': {'message': ' (request id: 2026021014592374715866845004085)', 'type': 'upstream_error', 'param': '500', 'code': 'bad_response_status_code'}}
2026-02-10 14:59:40 | INFO     | api.core.milvus_client:connect:40 | Connected to Milvus at 192.168.15.111:19530
2026-02-10 15:01:44 | INFO     | api.main:add_request_id:35 | [971538dc] GET /api/v1/data/stats
2026-02-10 15:01:44 | INFO     | api.routers.data:get_stats:204 | [971538dc] Stats query completed: total 22102 records
2026-02-10 15:01:59 | INFO     | api.main:add_request_id:35 | [0087bf88] POST /api/v1/match
2026-02-10 15:01:59 | INFO     | api.core.matcher:match:94 | tec: 10 results, 10 after threshold filter
2026-02-10 15:01:59 | INFO     | api.routers.match:match_resources:73 | [0087bf88] Match completed: 10 results in 164ms
2026-02-10 15:06:46 | INFO     | __main__:get_existing_ids:64 | Found 30976 existing IDs in ime_tec
2026-02-10 15:07:11 | ERROR    | api.core.embedding:get_embeddings_batch:139 | Batch embedding error: Error code: 500 - {'error': {'message': ' (request id: 2026021015070479569368655706754)', 'type': 'upstream_error', 'param': '500', 'code': 'bad_response_status_code'}}
2026-02-10 15:07:11 | ERROR    | __main__:process_batch:134 | Batch processing error: Error code: 500 - {'error': {'message': ' (request id: 2026021015070479569368655706754)', 'type': 'upstream_error', 'param': '500', 'code': 'bad_response_status_code'}}
2026-02-10 15:07:58 | INFO     | __main__:get_existing_ids:64 | Found 30976 existing IDs in ime_tec
2026-02-10 15:08:20 | ERROR    | api.core.embedding:get_embeddings_batch:139 | Batch embedding error: Error code: 500 - {'error': {'message': ' (request id: 2026021015081428114317727003741)', 'type': 'upstream_error', 'param': '500', 'code': 'bad_response_status_code'}}
2026-02-10 15:08:20 | ERROR    | __main__:process_batch:134 | Batch processing error: Error code: 500 - {'error': {'message': ' (request id: 2026021015081428114317727003741)', 'type': 'upstream_error', 'param': '500', 'code': 'bad_response_status_code'}}
2026-02-10 15:09:11 | INFO     | __main__:get_existing_ids:64 | Found 30976 existing IDs in ime_tec
2026-02-10 15:10:14 | ERROR    | api.core.embedding:get_embeddings_batch:139 | Batch embedding error: Error code: 500 - {'error': {'message': ' (request id: 2026021015101141582846914376484)', 'type': 'upstream_error', 'param': '500', 'code': 'bad_response_status_code'}}
2026-02-10 15:10:14 | ERROR    | __main__:process_batch:134 | Batch processing error: Error code: 500 - {'error': {'message': ' (request id: 2026021015101141582846914376484)', 'type': 'upstream_error', 'param': '500', 'code': 'bad_response_status_code'}}
2026-02-10 15:10:26 | ERROR    | api.core.embedding:get_embeddings_batch:139 | Batch embedding error: Error code: 500 - {'error': {'message': ' (request id: 2026021015102274358166560809660)', 'type': 'upstream_error', 'param': '500', 'code': 'bad_response_status_code'}}
2026-02-10 15:10:26 | ERROR    | __main__:process_batch:134 | Batch processing error: Error code: 500 - {'error': {'message': ' (request id: 2026021015102274358166560809660)', 'type': 'upstream_error', 'param': '500', 'code': 'bad_response_status_code'}}
2026-02-10 15:12:49 | INFO     | api.main:lifespan:14 | Shutting down Intelligent Matching Engine API...
2026-02-10 15:12:52 | INFO     | api.main:lifespan:12 | Starting Intelligent Matching Engine API...
2026-02-10 15:14:12 | INFO     | __main__:get_existing_ids:68 | Found 30976 existing IDs in ime_tec
2026-02-10 15:14:25 | INFO     | api.core.milvus_client:connect:40 | Connected to Milvus at 192.168.15.111:19530
2026-02-10 15:14:28 | INFO     | api.core.milvus_client:insert:141 | Inserted document a68fa9b8-95d4-11ec-b060-6c92bfa7379e_6c0a15ec-f415-4043-ac04-9b31b8ab58eb into tec
2026-02-10 15:14:36 | INFO     | api.core.milvus_client:insert:141 | Inserted document a68fa9b8-95d4-11ec-b060-6c92bfa7379e_f821eceb-1f9c-4d16-a4b7-2d1b4fb24775 into tec
2026-02-10 15:14:47 | INFO     | api.core.milvus_client:insert:141 | Inserted document a68fa9b8-95d4-11ec-b060-6c92bfa7379e_ffc3a32b-e38c-49a5-87db-2854a2134880 into tec
2026-02-10 15:14:58 | INFO     | api.core.milvus_client:insert:141 | Inserted document a736ff05-961a-11ec-b060-6c92bfa7379e_1f7f437d-9af8-4eaf-a345-b1d665484523 into tec
2026-02-10 15:15:09 | INFO     | api.core.milvus_client:insert:141 | Inserted document a736ff05-961a-11ec-b060-6c92bfa7379e_4133b6a0-9993-4cc9-9741-224028ae6799 into tec
2026-02-10 15:15:11 | ERROR    | api.core.embedding:get_embedding:63 | Embedding error: Error code: 500 - {'error': {'message': ' (request id: 2026021015151118645893369614468)', 'type': 'upstream_error', 'param': '500', 'code': 'bad_response_status_code'}}
2026-02-10 15:15:11 | WARNING  | __main__:process_item_with_retry:111 | Retry 1/3 for item a736ff05-961a-11ec-b060-6c92bfa7379e_f435edbc-54eb-42c7-b805-d7c67d69d8ac: Error code: 500 - {'error': {'message': ' (request id: 2026021015151118645893369614468)', 'type': 'upstream_error', 'param': '500', 'code': 'bad_response_status_code'}}
2026-02-10 15:15:18 | ERROR    | api.core.embedding:get_embedding:63 | Embedding error: Error code: 500 - {'error': {'message': ' (request id: 202602101515181660881267078569)', 'type': 'upstream_error', 'param': '500', 'code': 'bad_response_status_code'}}
2026-02-10 15:15:18 | WARNING  | __main__:process_item_with_retry:111 | Retry 2/3 for item a736ff05-961a-11ec-b060-6c92bfa7379e_f435edbc-54eb-42c7-b805-d7c67d69d8ac: Error code: 500 - {'error': {'message': ' (request id: 202602101515181660881267078569)', 'type': 'upstream_error', 'param': '500', 'code': 'bad_response_status_code'}}
2026-02-10 15:15:25 | ERROR    | api.core.embedding:get_embedding:63 | Embedding error: Error code: 500 - {'error': {'message': ' (request id: 2026021015152473412958895913809)', 'type': 'upstream_error', 'param': '500', 'code': 'bad_response_status_code'}}
2026-02-10 15:15:25 | ERROR    | __main__:process_item_with_retry:114 | Failed to process item a736ff05-961a-11ec-b060-6c92bfa7379e_f435edbc-54eb-42c7-b805-d7c67d69d8ac after 3 retries: Error code: 500 - {'error': {'message': ' (request id: 2026021015152473412958895913809)', 'type': 'upstream_error', 'param': '500', 'code': 'bad_response_status_code'}}
2026-02-10 15:15:27 | INFO     | api.core.milvus_client:insert:141 | Inserted document a67bfef1-95d4-11ec-b060-6c92bfa7379e_3fec0757-8c38-4a79-bdbe-221cfaacd079 into tec
2026-02-10 15:15:35 | INFO     | api.core.milvus_client:insert:141 | Inserted document a67bfef1-95d4-11ec-b060-6c92bfa7379e_68b84d49-efcd-46b1-b1e7-81d4331ba391 into tec
2026-02-10 15:15:46 | INFO     | api.core.milvus_client:insert:141 | Inserted document a67bfef1-95d4-11ec-b060-6c92bfa7379e_9754259f-440c-44cc-815d-c634976f0513 into tec
2026-02-10 15:16:41 | INFO     | api.main:add_request_id:35 | [9fac1ae6] POST /api/v1/match
2026-02-10 15:16:41 | INFO     | api.core.milvus_client:connect:40 | Connected to Milvus at 192.168.15.111:19530
2026-02-10 15:16:42 | INFO     | api.core.matcher:match:94 | tec: 10 results, 10 after threshold filter
2026-02-10 15:16:42 | INFO     | api.routers.match:match_resources:73 | [9fac1ae6] Match completed: 10 results in 184ms
2026-02-10 15:18:15 | INFO     | api.main:lifespan:14 | Shutting down Intelligent Matching Engine API...
2026-02-10 15:18:19 | INFO     | api.main:lifespan:12 | Starting Intelligent Matching Engine API...
2026-02-10 15:18:26 | INFO     | __main__:get_existing_ids:67 | Found 30985 existing IDs in ime_tec
2026-02-10 15:18:48 | ERROR    | api.core.embedding:get_embeddings_batch:139 | Batch embedding error: Error code: 500 - {'error': {'message': ' (request id: 2026021015184291992654963627645)', 'type': 'upstream_error', 'param': '500', 'code': 'bad_response_status_code'}}
2026-02-10 15:18:48 | WARNING  | __main__:get_embeddings_with_retry:85 | Batch embedding retry 1/3: Error code: 500 - {'error': {'message': ' (request id: 2026021015184291992654963627645)', 'type': 'upstream_error', 'param': '500', 'code': 'bad_response_status_code'}}
2026-02-10 15:19:04 | ERROR    | api.core.embedding:get_embeddings_batch:139 | Batch embedding error: Error code: 500 - {'error': {'message': ' (request id: 2026021015190112206329138883719)', 'type': 'upstream_error', 'param': '500', 'code': 'bad_response_status_code'}}
2026-02-10 15:19:04 | WARNING  | __main__:get_embeddings_with_retry:85 | Batch embedding retry 2/3: Error code: 500 - {'error': {'message': ' (request id: 2026021015190112206329138883719)', 'type': 'upstream_error', 'param': '500', 'code': 'bad_response_status_code'}}
2026-02-10 15:19:20 | ERROR    | api.core.embedding:get_embeddings_batch:139 | Batch embedding error: Error code: 500 - {'error': {'message': ' (request id: 2026021015191735778072618730944)', 'type': 'upstream_error', 'param': '500', 'code': 'bad_response_status_code'}}
2026-02-10 15:19:20 | ERROR    | __main__:get_embeddings_with_retry:88 | Batch embedding failed after 3 retries: Error code: 500 - {'error': {'message': ' (request id: 2026021015191735778072618730944)', 'type': 'upstream_error', 'param': '500', 'code': 'bad_response_status_code'}}
2026-02-10 15:19:20 | ERROR    | __main__:process_batch:153 | Batch processing error: Error code: 500 - {'error': {'message': ' (request id: 2026021015191735778072618730944)', 'type': 'upstream_error', 'param': '500', 'code': 'bad_response_status_code'}}
2026-02-10 15:19:25 | INFO     | api.core.milvus_client:connect:40 | Connected to Milvus at 192.168.15.111:19530
2026-02-10 15:19:44 | INFO     | __main__:get_existing_ids:67 | Found 31176 existing IDs in ime_tec
2026-02-10 15:19:48 | ERROR    | api.core.embedding:get_embeddings_batch:139 | Batch embedding error: Error code: 500 - {'error': {'message': ' (request id: 2026021015194813823674776098394)', 'type': 'upstream_error', 'param': '500', 'code': 'bad_response_status_code'}}
2026-02-10 15:19:48 | WARNING  | __main__:get_embeddings_with_retry:85 | Batch embedding retry 1/3: Error code: 500 - {'error': {'message': ' (request id: 2026021015194813823674776098394)', 'type': 'upstream_error', 'param': '500', 'code': 'bad_response_status_code'}}
2026-02-10 15:19:56 | ERROR    | api.core.embedding:get_embeddings_batch:139 | Batch embedding error: Error code: 500 - {'error': {'message': ' (request id: 2026021015195554336352454384934)', 'type': 'upstream_error', 'param': '500', 'code': 'bad_response_status_code'}}
2026-02-10 15:19:56 | WARNING  | __main__:get_embeddings_with_retry:85 | Batch embedding retry 2/3: Error code: 500 - {'error': {'message': ' (request id: 2026021015195554336352454384934)', 'type': 'upstream_error', 'param': '500', 'code': 'bad_response_status_code'}}
2026-02-10 15:20:03 | ERROR    | api.core.embedding:get_embeddings_batch:139 | Batch embedding error: Error code: 500 - {'error': {'message': ' (request id: 2026021015200284162843627678684)', 'type': 'upstream_error', 'param': '500', 'code': 'bad_response_status_code'}}
2026-02-10 15:20:03 | ERROR    | __main__:get_embeddings_with_retry:88 | Batch embedding failed after 3 retries: Error code: 500 - {'error': {'message': ' (request id: 2026021015200284162843627678684)', 'type': 'upstream_error', 'param': '500', 'code': 'bad_response_status_code'}}
2026-02-10 15:20:03 | ERROR    | __main__:process_batch:153 | Batch processing error: Error code: 500 - {'error': {'message': ' (request id: 2026021015200284162843627678684)', 'type': 'upstream_error', 'param': '500', 'code': 'bad_response_status_code'}}
2026-02-10 15:20:03 | INFO     | api.core.milvus_client:connect:40 | Connected to Milvus at 192.168.15.111:19530
2026-02-10 15:23:13 | ERROR    | api.core.embedding:get_embeddings_batch:139 | Batch embedding error: Error code: 500 - {'error': {'message': ' (request id: 2026021015231338665621838968218)', 'type': 'upstream_error', 'param': '500', 'code': 'bad_response_status_code'}}
2026-02-10 15:23:13 | WARNING  | __main__:get_embeddings_with_retry:85 | Batch embedding retry 1/3: Error code: 500 - {'error': {'message': ' (request id: 2026021015231338665621838968218)', 'type': 'upstream_error', 'param': '500', 'code': 'bad_response_status_code'}}
2026-02-10 15:23:21 | ERROR    | api.core.embedding:get_embeddings_batch:139 | Batch embedding error: Error code: 500 - {'error': {'message': ' (request id: 2026021015232066460210141139358)', 'type': 'upstream_error', 'param': '500', 'code': 'bad_response_status_code'}}
2026-02-10 15:23:21 | WARNING  | __main__:get_embeddings_with_retry:85 | Batch embedding retry 2/3: Error code: 500 - {'error': {'message': ' (request id: 2026021015232066460210141139358)', 'type': 'upstream_error', 'param': '500', 'code': 'bad_response_status_code'}}
2026-02-10 15:23:28 | ERROR    | api.core.embedding:get_embeddings_batch:139 | Batch embedding error: Error code: 500 - {'error': {'message': ' (request id: 2026021015232811577004544290019)', 'type': 'upstream_error', 'param': '500', 'code': 'bad_response_status_code'}}
2026-02-10 15:23:28 | ERROR    | __main__:get_embeddings_with_retry:88 | Batch embedding failed after 3 retries: Error code: 500 - {'error': {'message': ' (request id: 2026021015232811577004544290019)', 'type': 'upstream_error', 'param': '500', 'code': 'bad_response_status_code'}}
2026-02-10 15:23:28 | ERROR    | __main__:process_batch:153 | Batch processing error: Error code: 500 - {'error': {'message': ' (request id: 2026021015232811577004544290019)', 'type': 'upstream_error', 'param': '500', 'code': 'bad_response_status_code'}}
2026-02-10 15:24:48 | INFO     | __main__:get_existing_ids:67 | Found 31356 existing IDs in ime_tec
2026-02-10 15:24:52 | ERROR    | api.core.embedding:get_embeddings_batch:139 | Batch embedding error: Error code: 500 - {'error': {'message': ' (request id: 2026021015245236365744798818039)', 'type': 'upstream_error', 'param': '500', 'code': 'bad_response_status_code'}}
2026-02-10 15:24:52 | WARNING  | __main__:get_embeddings_with_retry:85 | Batch embedding retry 1/3: Error code: 500 - {'error': {'message': ' (request id: 2026021015245236365744798818039)', 'type': 'upstream_error', 'param': '500', 'code': 'bad_response_status_code'}}
2026-02-10 15:25:00 | ERROR    | api.core.embedding:get_embeddings_batch:139 | Batch embedding error: Error code: 500 - {'error': {'message': ' (request id: 2026021015245967696208957269154)', 'type': 'upstream_error', 'param': '500', 'code': 'bad_response_status_code'}}
2026-02-10 15:25:00 | WARNING  | __main__:get_embeddings_with_retry:85 | Batch embedding retry 2/3: Error code: 500 - {'error': {'message': ' (request id: 2026021015245967696208957269154)', 'type': 'upstream_error', 'param': '500', 'code': 'bad_response_status_code'}}
2026-02-10 15:25:07 | ERROR    | api.core.embedding:get_embeddings_batch:139 | Batch embedding error: Error code: 500 - {'error': {'message': ' (request id: 2026021015250678798349478992714)', 'type': 'upstream_error', 'param': '500', 'code': 'bad_response_status_code'}}
2026-02-10 15:25:07 | ERROR    | __main__:get_embeddings_with_retry:88 | Batch embedding failed after 3 retries: Error code: 500 - {'error': {'message': ' (request id: 2026021015250678798349478992714)', 'type': 'upstream_error', 'param': '500', 'code': 'bad_response_status_code'}}
2026-02-10 15:25:07 | ERROR    | __main__:process_batch:153 | Batch processing error: Error code: 500 - {'error': {'message': ' (request id: 2026021015250678798349478992714)', 'type': 'upstream_error', 'param': '500', 'code': 'bad_response_status_code'}}
2026-02-10 15:25:07 | INFO     | api.core.milvus_client:connect:40 | Connected to Milvus at 192.168.15.111:19530
2026-02-10 15:25:20 | ERROR    | api.core.embedding:get_embeddings_batch:139 | Batch embedding error: Error code: 500 - {'error': {'message': ' (request id: 2026021015251964417681307584424)', 'type': 'upstream_error', 'param': '500', 'code': 'bad_response_status_code'}}
2026-02-10 15:25:20 | WARNING  | __main__:get_embeddings_with_retry:85 | Batch embedding retry 1/3: Error code: 500 - {'error': {'message': ' (request id: 2026021015251964417681307584424)', 'type': 'upstream_error', 'param': '500', 'code': 'bad_response_status_code'}}
2026-02-10 15:25:27 | ERROR    | api.core.embedding:get_embeddings_batch:139 | Batch embedding error: Error code: 500 - {'error': {'message': ' (request id: 2026021015252664394789882220031)', 'type': 'upstream_error', 'param': '500', 'code': 'bad_response_status_code'}}
2026-02-10 15:25:27 | WARNING  | __main__:get_embeddings_with_retry:85 | Batch embedding retry 2/3: Error code: 500 - {'error': {'message': ' (request id: 2026021015252664394789882220031)', 'type': 'upstream_error', 'param': '500', 'code': 'bad_response_status_code'}}
2026-02-10 15:25:34 | ERROR    | api.core.embedding:get_embeddings_batch:139 | Batch embedding error: Error code: 500 - {'error': {'message': ' (request id: 2026021015253386406574523244599)', 'type': 'upstream_error', 'param': '500', 'code': 'bad_response_status_code'}}
2026-02-10 15:25:34 | ERROR    | __main__:get_embeddings_with_retry:88 | Batch embedding failed after 3 retries: Error code: 500 - {'error': {'message': ' (request id: 2026021015253386406574523244599)', 'type': 'upstream_error', 'param': '500', 'code': 'bad_response_status_code'}}
2026-02-10 15:25:34 | ERROR    | __main__:process_batch:153 | Batch processing error: Error code: 500 - {'error': {'message': ' (request id: 2026021015253386406574523244599)', 'type': 'upstream_error', 'param': '500', 'code': 'bad_response_status_code'}}
2026-02-10 15:26:03 | INFO     | __main__:get_existing_ids:67 | Found 31366 existing IDs in ime_tec
2026-02-10 15:26:07 | ERROR    | api.core.embedding:get_embeddings_batch:139 | Batch embedding error: Error code: 500 - {'error': {'message': ' (request id: 202602101526076918650581229681)', 'type': 'upstream_error', 'param': '500', 'code': 'bad_response_status_code'}}
2026-02-10 15:26:07 | WARNING  | __main__:get_embeddings_with_retry:85 | Batch embedding retry 1/3: Error code: 500 - {'error': {'message': ' (request id: 202602101526076918650581229681)', 'type': 'upstream_error', 'param': '500', 'code': 'bad_response_status_code'}}
2026-02-10 15:26:14 | ERROR    | api.core.embedding:get_embeddings_batch:139 | Batch embedding error: Error code: 500 - {'error': {'message': ' (request id: 2026021015261420722969634570827)', 'type': 'upstream_error', 'param': '500', 'code': 'bad_response_status_code'}}
2026-02-10 15:26:14 | WARNING  | __main__:get_embeddings_with_retry:85 | Batch embedding retry 2/3: Error code: 500 - {'error': {'message': ' (request id: 2026021015261420722969634570827)', 'type': 'upstream_error', 'param': '500', 'code': 'bad_response_status_code'}}
2026-02-10 15:26:21 | ERROR    | api.core.embedding:get_embeddings_batch:139 | Batch embedding error: Error code: 500 - {'error': {'message': ' (request id: 2026021015262126993696816405364)', 'type': 'upstream_error', 'param': '500', 'code': 'bad_response_status_code'}}
2026-02-10 15:26:21 | ERROR    | __main__:get_embeddings_with_retry:88 | Batch embedding failed after 3 retries: Error code: 500 - {'error': {'message': ' (request id: 2026021015262126993696816405364)', 'type': 'upstream_error', 'param': '500', 'code': 'bad_response_status_code'}}
2026-02-10 15:26:21 | ERROR    | __main__:process_batch:153 | Batch processing error: Error code: 500 - {'error': {'message': ' (request id: 2026021015262126993696816405364)', 'type': 'upstream_error', 'param': '500', 'code': 'bad_response_status_code'}}
2026-02-10 15:26:21 | INFO     | api.core.milvus_client:connect:40 | Connected to Milvus at 192.168.15.111:19530
2026-02-10 15:26:46 | ERROR    | api.core.embedding:get_embeddings_batch:139 | Batch embedding error: Error code: 500 - {'error': {'message': ' (request id: 2026021015264548833706889488533)', 'type': 'upstream_error', 'param': '500', 'code': 'bad_response_status_code'}}
2026-02-10 15:26:46 | WARNING  | __main__:get_embeddings_with_retry:85 | Batch embedding retry 1/3: Error code: 500 - {'error': {'message': ' (request id: 2026021015264548833706889488533)', 'type': 'upstream_error', 'param': '500', 'code': 'bad_response_status_code'}}
2026-02-10 15:26:53 | ERROR    | api.core.embedding:get_embeddings_batch:139 | Batch embedding error: Error code: 500 - {'error': {'message': ' (request id: 2026021015265259701513178938798)', 'type': 'upstream_error', 'param': '500', 'code': 'bad_response_status_code'}}
2026-02-10 15:26:53 | WARNING  | __main__:get_embeddings_with_retry:85 | Batch embedding retry 2/3: Error code: 500 - {'error': {'message': ' (request id: 2026021015265259701513178938798)', 'type': 'upstream_error', 'param': '500', 'code': 'bad_response_status_code'}}
2026-02-10 15:26:59 | ERROR    | api.core.embedding:get_embeddings_batch:139 | Batch embedding error: Error code: 500 - {'error': {'message': ' (request id: 2026021015265961233844730649735)', 'type': 'upstream_error', 'param': '500', 'code': 'bad_response_status_code'}}
2026-02-10 15:26:59 | ERROR    | __main__:get_embeddings_with_retry:88 | Batch embedding failed after 3 retries: Error code: 500 - {'error': {'message': ' (request id: 2026021015265961233844730649735)', 'type': 'upstream_error', 'param': '500', 'code': 'bad_response_status_code'}}
2026-02-10 15:26:59 | ERROR    | __main__:process_batch:153 | Batch processing error: Error code: 500 - {'error': {'message': ' (request id: 2026021015265961233844730649735)', 'type': 'upstream_error', 'param': '500', 'code': 'bad_response_status_code'}}
2026-02-10 15:27:15 | INFO     | __main__:get_existing_ids:67 | Found 31372 existing IDs in ime_tec
2026-02-10 15:27:19 | ERROR    | api.core.embedding:get_embeddings_batch:139 | Batch embedding error: Error code: 500 - {'error': {'message': ' (request id: 2026021015271916095769563017385)', 'type': 'upstream_error', 'param': '500', 'code': 'bad_response_status_code'}}
2026-02-10 15:27:19 | WARNING  | __main__:get_embeddings_with_retry:85 | Batch embedding retry 1/3: Error code: 500 - {'error': {'message': ' (request id: 2026021015271916095769563017385)', 'type': 'upstream_error', 'param': '500', 'code': 'bad_response_status_code'}}
2026-02-10 15:27:26 | ERROR    | api.core.embedding:get_embeddings_batch:139 | Batch embedding error: Error code: 500 - {'error': {'message': ' (request id: 2026021015272615966291145943736)', 'type': 'upstream_error', 'param': '500', 'code': 'bad_response_status_code'}}
2026-02-10 15:27:26 | WARNING  | __main__:get_embeddings_with_retry:85 | Batch embedding retry 2/3: Error code: 500 - {'error': {'message': ' (request id: 2026021015272615966291145943736)', 'type': 'upstream_error', 'param': '500', 'code': 'bad_response_status_code'}}
2026-02-10 15:27:33 | ERROR    | api.core.embedding:get_embeddings_batch:139 | Batch embedding error: Error code: 500 - {'error': {'message': ' (request id: 2026021015273331474767962242778)', 'type': 'upstream_error', 'param': '500', 'code': 'bad_response_status_code'}}
2026-02-10 15:27:33 | ERROR    | __main__:get_embeddings_with_retry:88 | Batch embedding failed after 3 retries: Error code: 500 - {'error': {'message': ' (request id: 2026021015273331474767962242778)', 'type': 'upstream_error', 'param': '500', 'code': 'bad_response_status_code'}}
2026-02-10 15:27:33 | ERROR    | __main__:process_batch:153 | Batch processing error: Error code: 500 - {'error': {'message': ' (request id: 2026021015273331474767962242778)', 'type': 'upstream_error', 'param': '500', 'code': 'bad_response_status_code'}}
2026-02-10 15:27:35 | ERROR    | api.core.embedding:get_embeddings_batch:139 | Batch embedding error: Error code: 500 - {'error': {'message': ' (request id: 2026021015273519277878558793968)', 'type': 'upstream_error', 'param': '500', 'code': 'bad_response_status_code'}}
2026-02-10 15:27:35 | WARNING  | __main__:get_embeddings_with_retry:85 | Batch embedding retry 1/3: Error code: 500 - {'error': {'message': ' (request id: 2026021015273519277878558793968)', 'type': 'upstream_error', 'param': '500', 'code': 'bad_response_status_code'}}
2026-02-10 15:27:42 | ERROR    | api.core.embedding:get_embeddings_batch:139 | Batch embedding error: Error code: 500 - {'error': {'message': ' (request id: 2026021015274217403406010962447)', 'type': 'upstream_error', 'param': '500', 'code': 'bad_response_status_code'}}
2026-02-10 15:27:42 | WARNING  | __main__:get_embeddings_with_retry:85 | Batch embedding retry 2/3: Error code: 500 - {'error': {'message': ' (request id: 2026021015274217403406010962447)', 'type': 'upstream_error', 'param': '500', 'code': 'bad_response_status_code'}}
2026-02-10 15:27:49 | ERROR    | api.core.embedding:get_embeddings_batch:139 | Batch embedding error: Error code: 500 - {'error': {'message': ' (request id: 2026021015274920604927811974802)', 'type': 'upstream_error', 'param': '500', 'code': 'bad_response_status_code'}}
2026-02-10 15:27:49 | ERROR    | __main__:get_embeddings_with_retry:88 | Batch embedding failed after 3 retries: Error code: 500 - {'error': {'message': ' (request id: 2026021015274920604927811974802)', 'type': 'upstream_error', 'param': '500', 'code': 'bad_response_status_code'}}
2026-02-10 15:27:49 | ERROR    | __main__:process_batch:153 | Batch processing error: Error code: 500 - {'error': {'message': ' (request id: 2026021015274920604927811974802)', 'type': 'upstream_error', 'param': '500', 'code': 'bad_response_status_code'}}
2026-02-10 15:30:08 | INFO     | api.main:add_request_id:35 | [91b71abc] POST /api/v1/match
2026-02-10 15:30:08 | INFO     | api.core.milvus_client:connect:40 | Connected to Milvus at 192.168.15.111:19530
2026-02-10 15:30:08 | INFO     | api.core.matcher:match:94 | tec: 7 results, 7 after threshold filter
2026-02-10 15:30:08 | INFO     | api.routers.match:match_resources:73 | [91b71abc] Match completed: 7 results in 182ms
2026-02-10 15:30:30 | INFO     | api.main:add_request_id:35 | [d7b3354a] POST /api/v1/match
2026-02-10 15:30:30 | INFO     | api.core.matcher:match:94 | expert: 2 results, 0 after threshold filter
2026-02-10 15:30:30 | INFO     | api.core.matcher:match:94 | project: 0 results, 0 after threshold filter
2026-02-10 15:30:32 | INFO     | api.core.milvus_client:get_or_create_collection:100 | Created collection: ime_patent
2026-02-10 15:30:32 | INFO     | api.core.matcher:match:94 | patent: 0 results, 0 after threshold filter
2026-02-10 15:30:34 | INFO     | api.core.milvus_client:get_or_create_collection:100 | Created collection: ime_enterprise
2026-02-10 15:30:35 | INFO     | api.core.matcher:match:94 | enterprise: 0 results, 0 after threshold filter
2026-02-10 15:30:37 | INFO     | api.core.milvus_client:get_or_create_collection:100 | Created collection: ime_paper
2026-02-10 15:30:37 | INFO     | api.core.matcher:match:94 | paper: 0 results, 0 after threshold filter
2026-02-10 15:30:39 | INFO     | api.core.milvus_client:get_or_create_collection:100 | Created collection: ime_institution
2026-02-10 15:30:39 | INFO     | api.core.matcher:match:94 | institution: 0 results, 0 after threshold filter
2026-02-10 15:30:39 | INFO     | api.core.matcher:match:94 | tec: 7 results, 7 after threshold filter
2026-02-10 15:30:39 | INFO     | api.routers.match:match_resources:73 | [d7b3354a] Match completed: 7 results in 8614ms
2026-02-10 15:30:50 | INFO     | api.main:add_request_id:35 | [aa722c9b] POST /api/v1/match
2026-02-10 15:30:50 | INFO     | api.core.matcher:match:94 | expert: 2 results, 0 after threshold filter
2026-02-10 15:30:50 | INFO     | api.core.matcher:match:94 | project: 0 results, 0 after threshold filter
2026-02-10 15:30:50 | INFO     | api.core.matcher:match:94 | patent: 0 results, 0 after threshold filter
2026-02-10 15:30:50 | INFO     | api.core.matcher:match:94 | enterprise: 0 results, 0 after threshold filter
2026-02-10 15:30:50 | INFO     | api.core.matcher:match:94 | paper: 0 results, 0 after threshold filter
2026-02-10 15:30:50 | INFO     | api.core.matcher:match:94 | institution: 0 results, 0 after threshold filter
2026-02-10 15:30:50 | INFO     | api.core.matcher:match:94 | tec: 10 results, 10 after threshold filter
2026-02-10 15:30:50 | INFO     | api.routers.match:match_resources:73 | [aa722c9b] Match completed: 10 results in 39ms
2026-02-10 15:55:21 | INFO     | api.main:add_request_id:35 | [afa12a81] POST /api/v1/match
2026-02-10 15:55:27 | INFO     | api.core.matcher:match:94 | tec: 10 results, 7 after threshold filter
2026-02-10 15:55:27 | INFO     | api.routers.match:match_resources:73 | [afa12a81] Match completed: 7 results in 5609ms
2026-02-10 15:59:01 | INFO     | api.main:add_request_id:35 | [c14923d6] POST /api/v1/match
2026-02-10 15:59:01 | INFO     | api.core.matcher:match:94 | tec: 10 results, 7 after threshold filter
2026-02-10 15:59:01 | INFO     | api.routers.match:match_resources:73 | [c14923d6] Match completed: 7 results in 14ms
2026-02-10 16:02:27 | INFO     | api.main:add_request_id:35 | [c3d8e3cb] POST /api/v1/match
2026-02-10 16:02:33 | INFO     | api.core.matcher:match:94 | tec: 0 results, 0 after threshold filter
2026-02-10 16:02:33 | INFO     | api.routers.match:match_resources:73 | [c3d8e3cb] Match completed: 0 results in 5766ms
2026-02-10 16:04:00 | INFO     | api.main:add_request_id:35 | [27e6a9aa] POST /api/v1/match
2026-02-10 16:04:02 | INFO     | api.core.matcher:match:94 | expert: 2 results, 0 after threshold filter
2026-02-10 16:04:02 | INFO     | api.core.matcher:match:94 | project: 0 results, 0 after threshold filter
2026-02-10 16:04:02 | INFO     | api.routers.match:match_resources:73 | [27e6a9aa] Match completed: 0 results in 1722ms
2026-02-10 16:04:06 | INFO     | api.main:add_request_id:35 | [1900fe9d] POST /api/v1/match
2026-02-10 16:04:08 | INFO     | api.core.matcher:match:94 | tec: 10 results, 10 after threshold filter
2026-02-10 16:04:08 | INFO     | api.routers.match:match_resources:73 | [1900fe9d] Match completed: 10 results in 1771ms
2026-02-10 16:05:10 | INFO     | api.main:add_request_id:35 | [a3a18942] POST /api/v1/match
2026-02-10 16:05:11 | INFO     | api.core.matcher:match:94 | tec: 10 results, 10 after threshold filter
2026-02-10 16:05:11 | INFO     | api.routers.match:match_resources:73 | [a3a18942] Match completed: 10 results in 1261ms
2026-02-10 16:05:21 | INFO     | api.main:add_request_id:35 | [6894018d] POST /api/v1/match
2026-02-10 16:05:21 | INFO     | api.core.matcher:match:94 | tec: 10 results, 7 after threshold filter
2026-02-10 16:05:21 | INFO     | api.routers.match:match_resources:73 | [6894018d] Match completed: 7 results in 14ms
2026-02-10 16:10:05 | INFO     | api.main:add_request_id:35 | [a418f05f] POST /api/v1/match
2026-02-10 16:10:10 | INFO     | api.core.matcher:match:94 | tec: 0 results, 0 after threshold filter
2026-02-10 16:10:10 | INFO     | api.routers.match:match_resources:73 | [a418f05f] Match completed: 0 results in 4930ms
2026-02-10 16:10:21 | INFO     | api.main:add_request_id:35 | [cef205ae] POST /api/v1/match
2026-02-10 16:10:23 | INFO     | api.core.matcher:match:94 | tec: 10 results, 10 after threshold filter
2026-02-10 16:10:23 | INFO     | api.routers.match:match_resources:73 | [cef205ae] Match completed: 10 results in 2048ms
2026-02-10 16:11:01 | INFO     | api.main:add_request_id:35 | [8ed6cb0c] POST /api/v1/match
2026-02-10 16:11:05 | INFO     | api.core.matcher:match:94 | tec: 0 results, 0 after threshold filter
2026-02-10 16:11:05 | INFO     | api.routers.match:match_resources:73 | [8ed6cb0c] Match completed: 0 results in 4937ms
2026-02-10 16:11:13 | INFO     | api.main:add_request_id:35 | [a469ffb0] POST /api/v1/match
2026-02-10 16:11:20 | INFO     | api.core.matcher:match:94 | tec: 10 results, 10 after threshold filter
2026-02-10 16:11:20 | INFO     | api.routers.match:match_resources:73 | [a469ffb0] Match completed: 10 results in 6554ms
2026-02-10 16:12:11 | INFO     | api.main:add_request_id:35 | [2a5cff71] POST /api/v1/match
2026-02-10 16:12:12 | INFO     | api.core.matcher:match:94 | tec: 10 results, 10 after threshold filter
2026-02-10 16:12:12 | INFO     | api.routers.match:match_resources:73 | [2a5cff71] Match completed: 10 results in 1184ms
2026-02-10 16:13:57 | INFO     | api.main:add_request_id:35 | [d72ac3b6] POST /api/v1/match
2026-02-10 16:14:00 | INFO     | api.core.matcher:match:94 | tec: 0 results, 0 after threshold filter
2026-02-10 16:14:00 | INFO     | api.routers.match:match_resources:73 | [d72ac3b6] Match completed: 0 results in 2759ms
2026-02-10 16:14:55 | INFO     | api.main:add_request_id:35 | [8841b3ba] POST /api/v1/match
2026-02-10 16:15:01 | INFO     | api.core.matcher:match:94 | tec: 0 results, 0 after threshold filter
2026-02-10 16:15:01 | INFO     | api.routers.match:match_resources:73 | [8841b3ba] Match completed: 0 results in 5998ms
2026-02-10 16:16:32 | INFO     | api.main:add_request_id:35 | [bdc4d848] POST /api/v1/match
2026-02-10 16:16:36 | INFO     | api.core.matcher:match:94 | tec: 0 results, 0 after threshold filter
2026-02-10 16:16:36 | INFO     | api.routers.match:match_resources:73 | [bdc4d848] Match completed: 0 results in 3430ms
2026-02-10 16:16:46 | INFO     | api.main:add_request_id:35 | [b3746137] POST /api/v1/match
2026-02-10 16:16:48 | INFO     | api.core.matcher:match:94 | tec: 0 results, 0 after threshold filter
2026-02-10 16:16:48 | INFO     | api.routers.match:match_resources:73 | [b3746137] Match completed: 0 results in 2806ms
2026-02-10 16:20:54 | INFO     | api.main:add_request_id:35 | [0de0915e] POST /api/v1/match
2026-02-10 16:20:59 | INFO     | api.core.matcher:match:94 | tec: 10 results, 10 after threshold filter
2026-02-10 16:20:59 | INFO     | api.routers.match:match_resources:73 | [0de0915e] Match completed: 10 results in 4726ms
2026-02-10 16:21:43 | INFO     | api.main:add_request_id:35 | [b9d6e2c5] POST /api/v1/match
2026-02-10 16:21:45 | INFO     | api.core.matcher:match:94 | tec: 10 results, 10 after threshold filter
2026-02-10 16:21:45 | INFO     | api.routers.match:match_resources:73 | [b9d6e2c5] Match completed: 10 results in 2392ms
2026-02-10 16:23:34 | INFO     | api.main:add_request_id:35 | [8b98a66e] POST /api/v1/match
2026-02-10 16:23:36 | INFO     | api.core.matcher:match:94 | tec: 10 results, 10 after threshold filter
2026-02-10 16:23:36 | INFO     | api.routers.match:match_resources:73 | [8b98a66e] Match completed: 10 results in 2372ms
2026-02-10 17:22:23 | INFO     | api.main:add_request_id:35 | [3efad8c6] POST /api/v1/match
2026-02-10 17:22:28 | INFO     | api.core.matcher:match:94 | patent: 0 results, 0 after threshold filter
2026-02-10 17:22:28 | INFO     | api.routers.match:match_resources:73 | [3efad8c6] Match completed: 0 results in 4782ms
2026-02-10 17:22:37 | INFO     | api.main:add_request_id:35 | [71599db7] POST /api/v1/match
2026-02-10 17:22:39 | INFO     | api.core.matcher:match:94 | patent: 0 results, 0 after threshold filter
2026-02-10 17:22:39 | INFO     | api.routers.match:match_resources:73 | [71599db7] Match completed: 0 results in 1526ms
2026-02-10 17:26:57 | INFO     | api.main:add_request_id:35 | [3970ca5d] POST /api/v1/match
2026-02-10 17:26:58 | INFO     | api.core.matcher:match:94 | tec: 10 results, 10 after threshold filter
2026-02-10 17:26:58 | INFO     | api.routers.match:match_resources:73 | [3970ca5d] Match completed: 10 results in 1278ms
